[{"model": "admin.logentry", "pk": 1, "fields": {"action_time": "2024-01-04T14:26:07.068Z", "user": 3, "content_type": 9, "object_id": "4", "object_repr": "Все средства хороши: Двое отдыхающих на пляже Макумба", "action_flag": 1, "change_message": "[{\"added\": {}}]"}}, {"model": "admin.logentry", "pk": 2, "fields": {"action_time": "2024-01-04T14:29:54.448Z", "user": 3, "content_type": 9, "object_id": "5", "object_repr": "Доступная среда: Лавки с низким клиренсом - фича ", "action_flag": 1, "change_message": "[{\"added\": {}}]"}}, {"model": "admin.logentry", "pk": 3, "fields": {"action_time": "2024-01-04T14:34:36.509Z", "user": 3, "content_type": 9, "object_id": "6", "object_repr": "Котожара: «Валяются, как тряпки, где попал", "action_flag": 1, "change_message": "[{\"added\": {}}]"}}, {"model": "admin.logentry", "pk": 4, "fields": {"action_time": "2024-01-04T14:41:04.071Z", "user": 3, "content_type": 9, "object_id": "7", "object_repr": "Летающий Санта запутался в линиях электропередач: В это воскресенье неопознанный «", "action_flag": 1, "change_message": "[{\"added\": {}}]"}}, {"model": "admin.logentry", "pk": 5, "fields": {"action_time": "2024-01-04T14:43:48.228Z", "user": 3, "content_type": 9, "object_id": "8", "object_repr": "Жалоба от грабителя: В один из британских банков утро", "action_flag": 1, "change_message": "[{\"added\": {}}]"}}, {"model": "admin.logentry", "pk": 6, "fields": {"action_time": "2024-01-04T14:46:00.574Z", "user": 3, "content_type": 9, "object_id": "9", "object_repr": "Самое нелепое ограбление: Тщательно спланированный план ог", "action_flag": 1, "change_message": "[{\"added\": {}}]"}}, {"model": "admin.logentry", "pk": 7, "fields": {"action_time": "2024-01-04T14:56:55.500Z", "user": 3, "content_type": 9, "object_id": "10", "object_repr": "Розыгрыш на 1 апреля от телекомпании ВВС: Розыгрыш на 1 апреля от телекомп", "action_flag": 1, "change_message": "[{\"added\": {}}]"}}, {"model": "admin.logentry", "pk": 8, "fields": {"action_time": "2024-01-04T15:00:34.962Z", "user": 3, "content_type": 9, "object_id": "11", "object_repr": "Собака убежала из зоогостиницы и вернулась домой: Отдыхавшим в Лас-Вегасе жителям ", "action_flag": 1, "change_message": "[{\"added\": {}}]"}}, {"model": "admin.logentry", "pk": 9, "fields": {"action_time": "2024-01-05T16:34:37.750Z", "user": 3, "content_type": 7, "object_id": "5", "object_repr": "It", "action_flag": 1, "change_message": "[{\"added\": {}}]"}}, {"model": "admin.logentry", "pk": 10, "fields": {"action_time": "2024-01-05T16:34:53.903Z", "user": 3, "content_type": 7, "object_id": "5", "object_repr": "It", "action_flag": 2, "change_message": "[]"}}, {"model": "admin.logentry", "pk": 11, "fields": {"action_time": "2024-01-05T16:35:11.071Z", "user": 3, "content_type": 7, "object_id": "5", "object_repr": "It", "action_flag": 2, "change_message": "[]"}}, {"model": "admin.logentry", "pk": 12, "fields": {"action_time": "2024-01-05T18:54:16.850Z", "user": 3, "content_type": 7, "object_id": "6", "object_repr": "Животные", "action_flag": 1, "change_message": "[{\"added\": {}}]"}}, {"model": "admin.logentry", "pk": 13, "fields": {"action_time": "2024-01-05T18:55:16.800Z", "user": 3, "content_type": 9, "object_id": "11", "object_repr": "Собака убежала из зоогостиницы и вернулась домой: Отдыхавшим в Лас-Вегасе жителям ", "action_flag": 2, "change_message": "[{\"changed\": {\"fields\": [\"Category post\"]}}]"}}, {"model": "admin.logentry", "pk": 14, "fields": {"action_time": "2024-01-05T19:39:33.507Z", "user": 3, "content_type": 9, "object_id": "12", "object_repr": "Неоптимальная программа обучения: 12312334214135", "action_flag": 2, "change_message": "[{\"changed\": {\"fields\": [\"Category post\"]}}]"}}, {"model": "admin.logentry", "pk": 15, "fields": {"action_time": "2024-01-15T09:34:15.386Z", "user": 3, "content_type": 12, "object_id": "1", "object_repr": "127.0.0.1", "action_flag": 2, "change_message": "[{\"changed\": {\"fields\": [\"Domain name\"]}}]"}}, {"model": "admin.logentry", "pk": 16, "fields": {"action_time": "2024-01-15T09:44:05.352Z", "user": 3, "content_type": 17, "object_id": "1", "object_repr": "Yandex", "action_flag": 1, "change_message": "[{\"added\": {}}]"}}, {"model": "admin.logentry", "pk": 17, "fields": {"action_time": "2024-01-15T09:47:28.484Z", "user": 3, "content_type": 4, "object_id": "5", "object_repr": "denis.z.kodeks", "action_flag": 3, "change_message": ""}}, {"model": "admin.logentry", "pk": 18, "fields": {"action_time": "2024-01-15T13:18:36.078Z", "user": 3, "content_type": 3, "object_id": "1", "object_repr": "authors", "action_flag": 1, "change_message": "[{\"added\": {}}]"}}, {"model": "admin.logentry", "pk": 19, "fields": {"action_time": "2024-01-15T13:20:44.823Z", "user": 3, "content_type": 4, "object_id": "2", "object_repr": "Вера", "action_flag": 2, "change_message": "[{\"changed\": {\"fields\": [\"Groups\"]}}]"}}, {"model": "admin.logentry", "pk": 20, "fields": {"action_time": "2024-01-15T13:20:53.665Z", "user": 3, "content_type": 4, "object_id": "1", "object_repr": "Юрий", "action_flag": 2, "change_message": "[{\"changed\": {\"fields\": [\"Groups\"]}}]"}}, {"model": "admin.logentry", "pk": 21, "fields": {"action_time": "2024-01-15T13:28:39.228Z", "user": 3, "content_type": 3, "object_id": "2", "object_repr": "common users", "action_flag": 1, "change_message": "[{\"added\": {}}]"}}, {"model": "admin.logentry", "pk": 22, "fields": {"action_time": "2024-01-15T13:38:53.800Z", "user": 3, "content_type": 3, "object_id": "1", "object_repr": "authors", "action_flag": 2, "change_message": "[{\"changed\": {\"fields\": [\"Permissions\"]}}]"}}, {"model": "admin.logentry", "pk": 23, "fields": {"action_time": "2024-01-15T16:32:01.184Z", "user": 3, "content_type": 4, "object_id": "7", "object_repr": "author", "action_flag": 3, "change_message": ""}}, {"model": "admin.logentry", "pk": 24, "fields": {"action_time": "2024-01-15T16:38:32.772Z", "user": 3, "content_type": 4, "object_id": "8", "object_repr": "author", "action_flag": 3, "change_message": ""}}, {"model": "admin.logentry", "pk": 25, "fields": {"action_time": "2024-01-15T18:49:08.429Z", "user": 3, "content_type": 8, "object_id": "3", "object_repr": "Author object (3)", "action_flag": 1, "change_message": "[{\"added\": {}}]"}}, {"model": "admin.logentry", "pk": 26, "fields": {"action_time": "2024-01-20T09:36:21.839Z", "user": 3, "content_type": 9, "object_id": "13", "object_repr": "Абырвалг: Абырвалг - второе (нередко цитир", "action_flag": 1, "change_message": "[{\"added\": {}}]"}}, {"model": "admin.logentry", "pk": 27, "fields": {"action_time": "2024-01-20T09:50:27.388Z", "user": 3, "content_type": 11, "object_id": "15", "object_repr": "Юмор", "action_flag": 1, "change_message": "[{\"added\": {}}]"}}, {"model": "admin.logentry", "pk": 28, "fields": {"action_time": "2024-01-20T10:32:06.234Z", "user": 3, "content_type": 9, "object_id": "13", "object_repr": "Абырвалг: Абырвалг - второе (нередко цитир", "action_flag": 3, "change_message": ""}}, {"model": "admin.logentry", "pk": 29, "fields": {"action_time": "2024-01-20T10:38:04.410Z", "user": 3, "content_type": 9, "object_id": "14", "object_repr": "Абырвалг: Абырвалг - второе (нередко цитир", "action_flag": 1, "change_message": "[{\"added\": {}}]"}}, {"model": "admin.logentry", "pk": 30, "fields": {"action_time": "2024-01-20T10:39:19.822Z", "user": 3, "content_type": 11, "object_id": "16", "object_repr": "Юмор", "action_flag": 1, "change_message": "[{\"added\": {}}]"}}, {"model": "admin.logentry", "pk": 31, "fields": {"action_time": "2024-01-20T13:10:36.619Z", "user": 3, "content_type": 9, "object_id": "14", "object_repr": "Абырвалг: Абырвалг - второе (нередко цитир", "action_flag": 3, "change_message": ""}}, {"model": "admin.logentry", "pk": 32, "fields": {"action_time": "2024-01-20T13:11:17.487Z", "user": 3, "content_type": 9, "object_id": "15", "object_repr": "Абырвалг: Абырвалг - второе (нередко цитир", "action_flag": 1, "change_message": "[{\"added\": {}}]"}}, {"model": "admin.logentry", "pk": 33, "fields": {"action_time": "2024-01-20T13:12:28.501Z", "user": 3, "content_type": 11, "object_id": "17", "object_repr": "Юмор", "action_flag": 1, "change_message": "[{\"added\": {}}]"}}, {"model": "admin.logentry", "pk": 34, "fields": {"action_time": "2024-01-20T13:16:15.174Z", "user": 3, "content_type": 9, "object_id": "15", "object_repr": "Абырвалг: Абырвалг - второе (нередко цитир", "action_flag": 3, "change_message": ""}}, {"model": "admin.logentry", "pk": 35, "fields": {"action_time": "2024-01-20T13:24:40.935Z", "user": 3, "content_type": 9, "object_id": "16", "object_repr": "Абырвалг: Абырвалг - второе (нередко цитир", "action_flag": 3, "change_message": ""}}, {"model": "admin.logentry", "pk": 36, "fields": {"action_time": "2024-01-20T13:26:25.491Z", "user": 3, "content_type": 9, "object_id": "17", "object_repr": "Абырвалг: Абырвалг - второе (нередко цитир", "action_flag": 3, "change_message": ""}}, {"model": "admin.logentry", "pk": 37, "fields": {"action_time": "2024-01-20T13:34:24.662Z", "user": 3, "content_type": 9, "object_id": "18", "object_repr": "Абырвалг: Абырвалг - второе (нередко цитир", "action_flag": 3, "change_message": ""}}, {"model": "admin.logentry", "pk": 38, "fields": {"action_time": "2024-01-20T13:36:59.971Z", "user": 3, "content_type": 9, "object_id": "19", "object_repr": "Абырвалг: Абырвалг - второе (нередко цитир", "action_flag": 3, "change_message": ""}}, {"model": "admin.logentry", "pk": 39, "fields": {"action_time": "2024-01-20T16:44:21.730Z", "user": 3, "content_type": 9, "object_id": "25", "object_repr": "фук: 8457 ыопл о ыелшзщлпждл", "action_flag": 3, "change_message": ""}}, {"model": "admin.logentry", "pk": 40, "fields": {"action_time": "2024-01-20T16:44:21.735Z", "user": 3, "content_type": 9, "object_id": "24", "object_repr": "Секонгшщ: ыдекшшило лкоеш 345", "action_flag": 3, "change_message": ""}}, {"model": "admin.logentry", "pk": 41, "fields": {"action_time": "2024-01-20T16:44:21.739Z", "user": 3, "content_type": 9, "object_id": "23", "object_repr": "ФВываываы: палвм ыкуеникешгнп", "action_flag": 3, "change_message": ""}}, {"model": "admin.logentry", "pk": 42, "fields": {"action_time": "2024-01-20T16:44:21.743Z", "user": 3, "content_type": 9, "object_id": "22", "object_repr": "uyit78: hgjy80rdtyyiuu", "action_flag": 3, "change_message": ""}}, {"model": "admin.logentry", "pk": 43, "fields": {"action_time": "2024-01-20T16:44:21.747Z", "user": 3, "content_type": 9, "object_id": "21", "object_repr": "ertwret: ertyetryertyetry", "action_flag": 3, "change_message": ""}}, {"model": "admin.logentry", "pk": 44, "fields": {"action_time": "2024-01-20T18:07:38.187Z", "user": 3, "content_type": 9, "object_id": "20", "object_repr": "Абырвалг: Абырвалг - второе (нередко цитир", "action_flag": 3, "change_message": ""}}, {"model": "admin.logentry", "pk": 45, "fields": {"action_time": "2024-01-22T17:33:38.390Z", "user": 3, "content_type": 9, "object_id": "27", "object_repr": "Абырвалг: Абырвалг - второе (нередко цитир", "action_flag": 3, "change_message": ""}}, {"model": "admin.logentry", "pk": 46, "fields": {"action_time": "2024-01-23T10:17:06.812Z", "user": 3, "content_type": 19, "object_id": "3", "object_repr": "altair1000", "action_flag": 2, "change_message": "[]"}}, {"model": "admin.logentry", "pk": 47, "fields": {"action_time": "2024-01-23T10:29:32.762Z", "user": 3, "content_type": 9, "object_id": "28", "object_repr": "Папа римский - поклонник рок-группы?: Фото молодого папы римского в су", "action_flag": 2, "change_message": "[{\"changed\": {\"fields\": [\"Category post\"]}}]"}}, {"model": "admin.logentry", "pk": 48, "fields": {"action_time": "2024-01-23T10:30:15.101Z", "user": 3, "content_type": 11, "object_id": "20", "object_repr": "Юмор", "action_flag": 1, "change_message": "[{\"added\": {}}]"}}, {"model": "admin.logentry", "pk": 49, "fields": {"action_time": "2024-01-23T10:30:29.921Z", "user": 3, "content_type": 11, "object_id": "21", "object_repr": "Животные", "action_flag": 1, "change_message": "[{\"added\": {}}]"}}, {"model": "admin.logentry", "pk": 50, "fields": {"action_time": "2024-02-20T10:01:06.966Z", "user": 3, "content_type": 9, "object_id": "29", "object_repr": "АПвол: Аловао лвакопдл ва полдо", "action_flag": 1, "change_message": "[{\"added\": {}}]"}}, {"model": "admin.logentry", "pk": 51, "fields": {"action_time": "2024-02-20T10:02:15.260Z", "user": 3, "content_type": 9, "object_id": "30", "object_repr": "12314: DLKFJdkfjkgfdgjlkdfgj", "action_flag": 1, "change_message": "[{\"added\": {}}]"}}, {"model": "admin.logentry", "pk": 52, "fields": {"action_time": "2024-02-23T13:28:05.439Z", "user": 3, "content_type": 4, "object_id": "3", "object_repr": "admin", "action_flag": 2, "change_message": "[{\"changed\": {\"fields\": [\"Groups\"]}}]"}}, {"model": "admin.logentry", "pk": 53, "fields": {"action_time": "2024-02-23T13:29:00.657Z", "user": 3, "content_type": 4, "object_id": "3", "object_repr": "admin", "action_flag": 2, "change_message": "[{\"changed\": {\"fields\": [\"User permissions\"]}}]"}}, {"model": "admin.logentry", "pk": 54, "fields": {"action_time": "2024-02-23T13:29:56.433Z", "user": 3, "content_type": 4, "object_id": "3", "object_repr": "admin", "action_flag": 2, "change_message": "[]"}}, {"model": "admin.logentry", "pk": 55, "fields": {"action_time": "2024-02-23T13:33:10.622Z", "user": 3, "content_type": 4, "object_id": "3", "object_repr": "admin", "action_flag": 2, "change_message": "[{\"changed\": {\"fields\": [\"Email address\"]}}]"}}, {"model": "admin.logentry", "pk": 56, "fields": {"action_time": "2024-02-23T13:42:06.872Z", "user": 3, "content_type": 9, "object_id": "33", "object_repr": "SLkdjsldj: 123134243545", "action_flag": 2, "change_message": "[{\"changed\": {\"fields\": [\"Category post\"]}}]"}}, {"model": "admin.logentry", "pk": 57, "fields": {"action_time": "2024-02-23T13:43:01.333Z", "user": 3, "content_type": 9, "object_id": "33", "object_repr": "SLkdjsldj: 123134243545", "action_flag": 2, "change_message": "[{\"changed\": {\"fields\": [\"Category post\"]}}]"}}, {"model": "admin.logentry", "pk": 58, "fields": {"action_time": "2024-02-23T15:34:03.981Z", "user": 3, "content_type": 9, "object_id": "33", "object_repr": "1234: 123134243545", "action_flag": 2, "change_message": "[{\"changed\": {\"fields\": [\"Category post\", \"Title\"]}}]"}}, {"model": "admin.logentry", "pk": 59, "fields": {"action_time": "2024-03-19T02:48:03.391Z", "user": 3, "content_type": 7, "object_id": "7", "object_repr": "Test", "action_flag": 1, "change_message": "[{\"added\": {}}]"}}, {"model": "admin.logentry", "pk": 60, "fields": {"action_time": "2024-03-19T05:42:54.624Z", "user": 3, "content_type": 9, "object_id": "34", "object_repr": "Тест новость: В этой новости ничего нет, потом", "action_flag": 2, "change_message": "[{\"changed\": {\"fields\": [\"Category post\"]}}]"}}, {"model": "admin.logentry", "pk": 61, "fields": {"action_time": "2024-03-19T13:24:03.134Z", "user": 3, "content_type": 7, "object_id": "8", "object_repr": "Тест", "action_flag": 1, "change_message": "[{\"added\": {}}]"}}, {"model": "admin.logentry", "pk": 62, "fields": {"action_time": "2024-03-19T13:24:36.361Z", "user": 3, "content_type": 7, "object_id": "9", "object_repr": "Test_2", "action_flag": 1, "change_message": "[{\"added\": {}}]"}}, {"model": "auth.permission", "pk": 1, "fields": {"name": "Can add log entry", "content_type": 1, "codename": "add_logentry"}}, {"model": "auth.permission", "pk": 2, "fields": {"name": "Can change log entry", "content_type": 1, "codename": "change_logentry"}}, {"model": "auth.permission", "pk": 3, "fields": {"name": "Can delete log entry", "content_type": 1, "codename": "delete_logentry"}}, {"model": "auth.permission", "pk": 4, "fields": {"name": "Can view log entry", "content_type": 1, "codename": "view_logentry"}}, {"model": "auth.permission", "pk": 5, "fields": {"name": "Can add permission", "content_type": 2, "codename": "add_permission"}}, {"model": "auth.permission", "pk": 6, "fields": {"name": "Can change permission", "content_type": 2, "codename": "change_permission"}}, {"model": "auth.permission", "pk": 7, "fields": {"name": "Can delete permission", "content_type": 2, "codename": "delete_permission"}}, {"model": "auth.permission", "pk": 8, "fields": {"name": "Can view permission", "content_type": 2, "codename": "view_permission"}}, {"model": "auth.permission", "pk": 9, "fields": {"name": "Can add group", "content_type": 3, "codename": "add_group"}}, {"model": "auth.permission", "pk": 10, "fields": {"name": "Can change group", "content_type": 3, "codename": "change_group"}}, {"model": "auth.permission", "pk": 11, "fields": {"name": "Can delete group", "content_type": 3, "codename": "delete_group"}}, {"model": "auth.permission", "pk": 12, "fields": {"name": "Can view group", "content_type": 3, "codename": "view_group"}}, {"model": "auth.permission", "pk": 13, "fields": {"name": "Can add user", "content_type": 4, "codename": "add_user"}}, {"model": "auth.permission", "pk": 14, "fields": {"name": "Can change user", "content_type": 4, "codename": "change_user"}}, {"model": "auth.permission", "pk": 15, "fields": {"name": "Can delete user", "content_type": 4, "codename": "delete_user"}}, {"model": "auth.permission", "pk": 16, "fields": {"name": "Can view user", "content_type": 4, "codename": "view_user"}}, {"model": "auth.permission", "pk": 17, "fields": {"name": "Can add content type", "content_type": 5, "codename": "add_contenttype"}}, {"model": "auth.permission", "pk": 18, "fields": {"name": "Can change content type", "content_type": 5, "codename": "change_contenttype"}}, {"model": "auth.permission", "pk": 19, "fields": {"name": "Can delete content type", "content_type": 5, "codename": "delete_contenttype"}}, {"model": "auth.permission", "pk": 20, "fields": {"name": "Can view content type", "content_type": 5, "codename": "view_contenttype"}}, {"model": "auth.permission", "pk": 21, "fields": {"name": "Can add session", "content_type": 6, "codename": "add_session"}}, {"model": "auth.permission", "pk": 22, "fields": {"name": "Can change session", "content_type": 6, "codename": "change_session"}}, {"model": "auth.permission", "pk": 23, "fields": {"name": "Can delete session", "content_type": 6, "codename": "delete_session"}}, {"model": "auth.permission", "pk": 24, "fields": {"name": "Can view session", "content_type": 6, "codename": "view_session"}}, {"model": "auth.permission", "pk": 25, "fields": {"name": "Can add category", "content_type": 7, "codename": "add_category"}}, {"model": "auth.permission", "pk": 26, "fields": {"name": "Can change category", "content_type": 7, "codename": "change_category"}}, {"model": "auth.permission", "pk": 27, "fields": {"name": "Can delete category", "content_type": 7, "codename": "delete_category"}}, {"model": "auth.permission", "pk": 28, "fields": {"name": "Can view category", "content_type": 7, "codename": "view_category"}}, {"model": "auth.permission", "pk": 29, "fields": {"name": "Can add author", "content_type": 8, "codename": "add_author"}}, {"model": "auth.permission", "pk": 30, "fields": {"name": "Can change author", "content_type": 8, "codename": "change_author"}}, {"model": "auth.permission", "pk": 31, "fields": {"name": "Can delete author", "content_type": 8, "codename": "delete_author"}}, {"model": "auth.permission", "pk": 32, "fields": {"name": "Can view author", "content_type": 8, "codename": "view_author"}}, {"model": "auth.permission", "pk": 33, "fields": {"name": "Can add post", "content_type": 9, "codename": "add_post"}}, {"model": "auth.permission", "pk": 34, "fields": {"name": "Can change post", "content_type": 9, "codename": "change_post"}}, {"model": "auth.permission", "pk": 35, "fields": {"name": "Can delete post", "content_type": 9, "codename": "delete_post"}}, {"model": "auth.permission", "pk": 36, "fields": {"name": "Can view post", "content_type": 9, "codename": "view_post"}}, {"model": "auth.permission", "pk": 37, "fields": {"name": "Can add comment", "content_type": 10, "codename": "add_comment"}}, {"model": "auth.permission", "pk": 38, "fields": {"name": "Can change comment", "content_type": 10, "codename": "change_comment"}}, {"model": "auth.permission", "pk": 39, "fields": {"name": "Can delete comment", "content_type": 10, "codename": "delete_comment"}}, {"model": "auth.permission", "pk": 40, "fields": {"name": "Can view comment", "content_type": 10, "codename": "view_comment"}}, {"model": "auth.permission", "pk": 41, "fields": {"name": "Can add post category", "content_type": 11, "codename": "add_postcategory"}}, {"model": "auth.permission", "pk": 42, "fields": {"name": "Can change post category", "content_type": 11, "codename": "change_postcategory"}}, {"model": "auth.permission", "pk": 43, "fields": {"name": "Can delete post category", "content_type": 11, "codename": "delete_postcategory"}}, {"model": "auth.permission", "pk": 44, "fields": {"name": "Can view post category", "content_type": 11, "codename": "view_postcategory"}}, {"model": "auth.permission", "pk": 45, "fields": {"name": "Can add site", "content_type": 12, "codename": "add_site"}}, {"model": "auth.permission", "pk": 46, "fields": {"name": "Can change site", "content_type": 12, "codename": "change_site"}}, {"model": "auth.permission", "pk": 47, "fields": {"name": "Can delete site", "content_type": 12, "codename": "delete_site"}}, {"model": "auth.permission", "pk": 48, "fields": {"name": "Can view site", "content_type": 12, "codename": "view_site"}}, {"model": "auth.permission", "pk": 49, "fields": {"name": "Can add flat page", "content_type": 13, "codename": "add_flatpage"}}, {"model": "auth.permission", "pk": 50, "fields": {"name": "Can change flat page", "content_type": 13, "codename": "change_flatpage"}}, {"model": "auth.permission", "pk": 51, "fields": {"name": "Can delete flat page", "content_type": 13, "codename": "delete_flatpage"}}, {"model": "auth.permission", "pk": 52, "fields": {"name": "Can view flat page", "content_type": 13, "codename": "view_flatpage"}}, {"model": "auth.permission", "pk": 53, "fields": {"name": "Can add email address", "content_type": 14, "codename": "add_emailaddress"}}, {"model": "auth.permission", "pk": 54, "fields": {"name": "Can change email address", "content_type": 14, "codename": "change_emailaddress"}}, {"model": "auth.permission", "pk": 55, "fields": {"name": "Can delete email address", "content_type": 14, "codename": "delete_emailaddress"}}, {"model": "auth.permission", "pk": 56, "fields": {"name": "Can view email address", "content_type": 14, "codename": "view_emailaddress"}}, {"model": "auth.permission", "pk": 57, "fields": {"name": "Can add email confirmation", "content_type": 15, "codename": "add_emailconfirmation"}}, {"model": "auth.permission", "pk": 58, "fields": {"name": "Can change email confirmation", "content_type": 15, "codename": "change_emailconfirmation"}}, {"model": "auth.permission", "pk": 59, "fields": {"name": "Can delete email confirmation", "content_type": 15, "codename": "delete_emailconfirmation"}}, {"model": "auth.permission", "pk": 60, "fields": {"name": "Can view email confirmation", "content_type": 15, "codename": "view_emailconfirmation"}}, {"model": "auth.permission", "pk": 61, "fields": {"name": "Can add social account", "content_type": 16, "codename": "add_socialaccount"}}, {"model": "auth.permission", "pk": 62, "fields": {"name": "Can change social account", "content_type": 16, "codename": "change_socialaccount"}}, {"model": "auth.permission", "pk": 63, "fields": {"name": "Can delete social account", "content_type": 16, "codename": "delete_socialaccount"}}, {"model": "auth.permission", "pk": 64, "fields": {"name": "Can view social account", "content_type": 16, "codename": "view_socialaccount"}}, {"model": "auth.permission", "pk": 65, "fields": {"name": "Can add social application", "content_type": 17, "codename": "add_socialapp"}}, {"model": "auth.permission", "pk": 66, "fields": {"name": "Can change social application", "content_type": 17, "codename": "change_socialapp"}}, {"model": "auth.permission", "pk": 67, "fields": {"name": "Can delete social application", "content_type": 17, "codename": "delete_socialapp"}}, {"model": "auth.permission", "pk": 68, "fields": {"name": "Can view social application", "content_type": 17, "codename": "view_socialapp"}}, {"model": "auth.permission", "pk": 69, "fields": {"name": "Can add social application token", "content_type": 18, "codename": "add_socialtoken"}}, {"model": "auth.permission", "pk": 70, "fields": {"name": "Can change social application token", "content_type": 18, "codename": "change_socialtoken"}}, {"model": "auth.permission", "pk": 71, "fields": {"name": "Can delete social application token", "content_type": 18, "codename": "delete_socialtoken"}}, {"model": "auth.permission", "pk": 72, "fields": {"name": "Can view social application token", "content_type": 18, "codename": "view_socialtoken"}}, {"model": "auth.permission", "pk": 73, "fields": {"name": "Can add subscription", "content_type": 19, "codename": "add_subscription"}}, {"model": "auth.permission", "pk": 74, "fields": {"name": "Can change subscription", "content_type": 19, "codename": "change_subscription"}}, {"model": "auth.permission", "pk": 75, "fields": {"name": "Can delete subscription", "content_type": 19, "codename": "delete_subscription"}}, {"model": "auth.permission", "pk": 76, "fields": {"name": "Can view subscription", "content_type": 19, "codename": "view_subscription"}}, {"model": "auth.permission", "pk": 77, "fields": {"name": "Can add django job", "content_type": 20, "codename": "add_djangojob"}}, {"model": "auth.permission", "pk": 78, "fields": {"name": "Can change django job", "content_type": 20, "codename": "change_djangojob"}}, {"model": "auth.permission", "pk": 79, "fields": {"name": "Can delete django job", "content_type": 20, "codename": "delete_djangojob"}}, {"model": "auth.permission", "pk": 80, "fields": {"name": "Can view django job", "content_type": 20, "codename": "view_djangojob"}}, {"model": "auth.permission", "pk": 81, "fields": {"name": "Can add django job execution", "content_type": 21, "codename": "add_djangojobexecution"}}, {"model": "auth.permission", "pk": 82, "fields": {"name": "Can change django job execution", "content_type": 21, "codename": "change_djangojobexecution"}}, {"model": "auth.permission", "pk": 83, "fields": {"name": "Can delete django job execution", "content_type": 21, "codename": "delete_djangojobexecution"}}, {"model": "auth.permission", "pk": 84, "fields": {"name": "Can view django job execution", "content_type": 21, "codename": "view_djangojobexecution"}}, {"model": "auth.group", "pk": 1, "fields": {"name": "authors", "permissions": [33, 34]}}, {"model": "auth.group", "pk": 2, "fields": {"name": "common users", "permissions": []}}, {"model": "auth.user", "pk": 1, "fields": {"password": "!JM86LnxMhT6SR8QYYKq5OKsSHYWXCLCooLpbUWjI", "last_login": null, "is_superuser": false, "username": "Юрий", "first_name": "", "last_name": "", "email": "", "is_staff": false, "is_active": true, "date_joined": "2023-12-22T03:16:49Z", "groups": [1], "user_permissions": []}}, {"model": "auth.user", "pk": 2, "fields": {"password": "!8j7svdGOLbS29pPRvB2Wdv4jTlgVgR7yS2dzJl9F", "last_login": null, "is_superuser": false, "username": "Вера", "first_name": "", "last_name": "", "email": "", "is_staff": false, "is_active": true, "date_joined": "2023-12-22T03:17:13Z", "groups": [1], "user_permissions": []}}, {"model": "auth.user", "pk": 3, "fields": {"password": "pbkdf2_sha256$720000$61Ve6D7nZcsPquEvahG2BZ$8iktbUyg2FXOoJdBeKusqrrPDJfm6/HAxP2cQiTrj4s=", "last_login": "2024-03-20T06:10:37.473Z", "is_superuser": true, "username": "admin", "first_name": "", "last_name": "", "email": "admin@admin.com", "is_staff": true, "is_active": true, "date_joined": "2023-12-26T14:57:00Z", "groups": [1, 2], "user_permissions": [53, 54, 55, 56, 57, 58, 59, 60, 1, 2, 3, 4, 9, 10, 11, 12, 5, 6, 7, 8, 13, 14, 15, 16, 17, 18, 19, 20, 77, 78, 79, 80, 81, 82, 83, 84, 49, 50, 51, 52, 29, 30, 31, 32, 25, 26, 27, 28, 37, 38, 39, 40, 33, 34, 35, 36, 41, 42, 43, 44, 73, 74, 75, 76, 21, 22, 23, 24, 45, 46, 47, 48, 61, 62, 63, 64, 65, 66, 67, 68, 69, 70, 71, 72]}}, {"model": "auth.user", "pk": 4, "fields": {"password": "pbkdf2_sha256$720000$goy9IMP6sE1Gy4q7HoSlCw$kAsfsnj2nECOAWf2y/e0L3qR9qg30AmxMafJjBIRQKo=", "last_login": "2024-01-15T15:50:36.433Z", "is_superuser": false, "username": "user", "first_name": "D", "last_name": "Z", "email": "user@test.com", "is_staff": false, "is_active": true, "date_joined": "2024-01-15T09:09:20.585Z", "groups": [], "user_permissions": []}}, {"model": "auth.user", "pk": 6, "fields": {"password": "pbkdf2_sha256$720000$yuWHyl0uo8twbmYYJA3BCV$jC5fNO1BC8nOsihZPh7ELZanlzWnd+3Km5kIyPkwug0=", "last_login": "2024-01-15T13:34:46.638Z", "is_superuser": false, "username": "user2", "first_name": "", "last_name": "", "email": "user2@test.com", "is_staff": false, "is_active": true, "date_joined": "2024-01-15T13:34:46.213Z", "groups": [2], "user_permissions": []}}, {"model": "auth.user", "pk": 9, "fields": {"password": "pbkdf2_sha256$720000$MuMU9tjTkXzN2zwLFmY4qK$pV1y9XItRrxyW1MeIAXF2kB+1+bN3MYuqSnDzHN569k=", "last_login": "2024-02-13T07:13:57.813Z", "is_superuser": false, "username": "author", "first_name": "", "last_name": "", "email": "author@test.com", "is_staff": false, "is_active": true, "date_joined": "2024-01-15T16:40:06.857Z", "groups": [1], "user_permissions": []}}, {"model": "auth.user", "pk": 10, "fields": {"password": "pbkdf2_sha256$720000$VrG0bc6CbrUfHkINycjcNJ$pqhtv6mFxhxu82x9aGHVJFwyHiPOuBdF7u0z+RDyOGY=", "last_login": "2024-01-20T08:36:50.729Z", "is_superuser": false, "username": "user3", "first_name": "", "last_name": "", "email": "user3@test.com", "is_staff": false, "is_active": true, "date_joined": "2024-01-20T08:36:50.210Z", "groups": [2], "user_permissions": []}}, {"model": "auth.user", "pk": 11, "fields": {"password": "pbkdf2_sha256$720000$DubHDPiYdQjo00lAWW3zS2$G72aj5xxtuXTL05V/2cIvouPF3i5574xgdP6aB+zW6o=", "last_login": "2024-01-20T08:43:48.330Z", "is_superuser": false, "username": "user4", "first_name": "", "last_name": "", "email": "user4@test.com", "is_staff": false, "is_active": true, "date_joined": "2024-01-20T08:43:47.865Z", "groups": [2], "user_permissions": []}}, {"model": "auth.user", "pk": 12, "fields": {"password": "pbkdf2_sha256$720000$IuiNYeMgiPoeUF91nd099Q$BjC2Ve6uNnkCXOhEZuArQT11aObQcmmP3jNysfU+LGs=", "last_login": "2024-01-22T17:33:11.869Z", "is_superuser": false, "username": "altair1000", "first_name": "", "last_name": "", "email": "altair1000@mail.ru", "is_staff": false, "is_active": true, "date_joined": "2024-01-20T13:05:14.773Z", "groups": [2], "user_permissions": []}}, {"model": "contenttypes.contenttype", "pk": 1, "fields": {"app_label": "admin", "model": "logentry"}}, {"model": "contenttypes.contenttype", "pk": 2, "fields": {"app_label": "auth", "model": "permission"}}, {"model": "contenttypes.contenttype", "pk": 3, "fields": {"app_label": "auth", "model": "group"}}, {"model": "contenttypes.contenttype", "pk": 4, "fields": {"app_label": "auth", "model": "user"}}, {"model": "contenttypes.contenttype", "pk": 5, "fields": {"app_label": "contenttypes", "model": "contenttype"}}, {"model": "contenttypes.contenttype", "pk": 6, "fields": {"app_label": "sessions", "model": "session"}}, {"model": "contenttypes.contenttype", "pk": 7, "fields": {"app_label": "news", "model": "category"}}, {"model": "contenttypes.contenttype", "pk": 8, "fields": {"app_label": "news", "model": "author"}}, {"model": "contenttypes.contenttype", "pk": 9, "fields": {"app_label": "news", "model": "post"}}, {"model": "contenttypes.contenttype", "pk": 10, "fields": {"app_label": "news", "model": "comment"}}, {"model": "contenttypes.contenttype", "pk": 11, "fields": {"app_label": "news", "model": "postcategory"}}, {"model": "contenttypes.contenttype", "pk": 12, "fields": {"app_label": "sites", "model": "site"}}, {"model": "contenttypes.contenttype", "pk": 13, "fields": {"app_label": "flatpages", "model": "flatpage"}}, {"model": "contenttypes.contenttype", "pk": 14, "fields": {"app_label": "account", "model": "emailaddress"}}, {"model": "contenttypes.contenttype", "pk": 15, "fields": {"app_label": "account", "model": "emailconfirmation"}}, {"model": "contenttypes.contenttype", "pk": 16, "fields": {"app_label": "socialaccount", "model": "socialaccount"}}, {"model": "contenttypes.contenttype", "pk": 17, "fields": {"app_label": "socialaccount", "model": "socialapp"}}, {"model": "contenttypes.contenttype", "pk": 18, "fields": {"app_label": "socialaccount", "model": "socialtoken"}}, {"model": "contenttypes.contenttype", "pk": 19, "fields": {"app_label": "news", "model": "subscription"}}, {"model": "contenttypes.contenttype", "pk": 20, "fields": {"app_label": "django_apscheduler", "model": "djangojob"}}, {"model": "contenttypes.contenttype", "pk": 21, "fields": {"app_label": "django_apscheduler", "model": "djangojobexecution"}}, {"model": "sessions.session", "pk": "0pgw4blsmd7e3m3j5x3fxggqxsvudsns", "fields": {"session_data": ".eJxVjMsOwiAQAP-FsyEshUI9eu83kIVdpGog6eNk_HdD0oNeZybzFgGPvYRj4zUsJK5iEJdfFjE9uXZBD6z3JlOr-7pE2RN52k3Ojfh1O9u_QcGt9C155ExgAaL27GCCwVo0Jk3kSRmykHNynC05iqBID5PRIzJlUFqN4vMF64g3-A:1rmoQH:ukJ4z_kR7fSpYXUs0yVrV8wScPH7G4mntlbPcC7l17M", "expire_date": "2024-04-03T05:23:33.285Z"}}, {"model": "sessions.session", "pk": "2fdlwbp0znsive2ioorwvn2kdszpl6s6", "fields": {"session_data": ".eJxVjMsOwiAQAP-FsyEshUI9eu83kIVdpGog6eNk_HdD0oNeZybzFgGPvYRj4zUsJK5iEJdfFjE9uXZBD6z3JlOr-7pE2RN52k3Ojfh1O9u_QcGt9C155ExgAaL27GCCwVo0Jk3kSRmykHNynC05iqBID5PRIzJlUFqN4vMF64g3-A:1rcMP9:osXbDXSWNT_h8QkGLlCWuTd0IT3nwxyYZ2TAbTM28a4", "expire_date": "2024-03-05T09:27:11.915Z"}}, {"model": "sessions.session", "pk": "3vpwgyljfn40jyvk8d1s3y9tgy1xi0z0", "fields": {"session_data": ".eJxVjcsOwiAQRf-FtWkYHi24sz_STJkhEBuaCF0Z_10xXejynvt6igWPlpaj8mPJJK5Ci8svWzHcuXQDt63jAUPYj9KGb-a063D7KC4tB2x5L_PZ-ptKWFM_IIccCSzAqhxP4EFbi8YET46kIQsxhomjpYlWkKS0N2pEpghSyVG83sOYPGw:1rmSDm:KmnPwqelS99XlePlcmIee6YMWbZ38xIWmWcJ_0H2XXA", "expire_date": "2024-04-02T05:41:10.074Z"}}, {"model": "sessions.session", "pk": "57uis1ysrq70htksui799lz2ds4hspfp", "fields": {"session_data": ".eJxVjMsOwiAQAP-FsyEshUI9eu83kIVdpGog6eNk_HdD0oNeZybzFgGPvYRj4zUsJK5iEJdfFjE9uXZBD6z3JlOr-7pE2RN52k3Ojfh1O9u_QcGt9C155ExgAaL27GCCwVo0Jk3kSRmykHNynC05iqBID5PRIzJlUFqN4vMF64g3-A:1rmZCw:m0JoQZ2RUvdgPdf4ZHM_vujL-OPmwIbkqWVvdnKkGwY", "expire_date": "2024-04-02T13:08:46.867Z"}}, {"model": "sessions.session", "pk": "72zmpuvetfvbl33r0yesiyq0ordw6wnp", "fields": {"session_data": ".eJxVjMsOwiAQAP-FsyEshUI9eu83kIVdpGog6eNk_HdD0oNeZybzFgGPvYRj4zUsJK5iEJdfFjE9uXZBD6z3JlOr-7pE2RN52k3Ojfh1O9u_QcGt9C155ExgAaL27GCCwVo0Jk3kSRmykHNynC05iqBID5PRIzJlUFqN4vMF64g3-A:1rI9cf:2ng9QGVy_8JX2XO5Dff5nWjBnAvnJtLXlGghkrP2TW8", "expire_date": "2024-01-09T15:45:37.974Z"}}, {"model": "sessions.session", "pk": "ckbmka7v1gsbbsmvet6nhwkz4d5almvz", "fields": {"session_data": ".eJxVj80KwyAQhN_FcwmK8S-39kVk1ZVIrYFEeyl995qSUnJZ2JnZb5kXAe-XVqp94ppiwmDxASmTqbScL8RCq7NtG642BTIRQ06aA3_HshuQ8y4PB274Zg57G659w1KTh5qWcjuuTqgZtnl_IDtBMmGc9k5h7EMwYzQiBMqRej7qMaKKQUkBEBWN0DPKjVFT7WWH_hrB_2mvBZVMTFHBudRUDVxQTZl6fwA8z1cb:1rPQ0N:ioBxx2cn5TWGKJYsCkk6IfGp-gVJMmS0GWo7G-aGwa4", "expire_date": "2024-01-29T16:40:07.355Z"}}, {"model": "sessions.session", "pk": "ei6048zkjcfudiojg2p1tj6l3nqyb14l", "fields": {"session_data": ".eJxVjMsOwiAQAP-FsyEshUI9eu83kIVdpGog6eNk_HdD0oNeZybzFgGPvYRj4zUsJK5iEJdfFjE9uXZBD6z3JlOr-7pE2RN52k3Ojfh1O9u_QcGt9C155ExgAaL27GCCwVo0Jk3kSRmykHNynC05iqBID5PRIzJlUFqN4vMF64g3-A:1rdVGc:Nq_ieCsj2wNx8-pnTZAF7KoS1zxiIQNNqfx61J6tYWI", "expire_date": "2024-03-08T13:07:06.099Z"}}, {"model": "sessions.session", "pk": "emcgywgip2v2yinegllpaojbldz5j1p4", "fields": {"session_data": ".eJxlUMtuhDAM_BefEQqCvDi1-xtVFZnEEahAViRot1rtvzfZcqG9WJY9Hs_MA9DasK_J4J5GWtNkMU1hNQulMbgI_ccDfnvo4Yox3sLmoAJM0DeSCcZ4y1UtpNBCtxXQgtOcoYUubG-JYqptWOD5WcHrh9kjbWYqdBpOswHtF61lgfNcxvWhrX5hjnWs309KL8fViWrEOJYHIjOIhutB2UGSz4U3WisidKwlZttOdZ6kd1JwRC-Zx4yRQ-cVU1YUn__jIWf-uJeMSZ4FRIqxhEf367R9Q8-ePylPdjs:1rSDvS:r3s1oEd08TapFwn9QC8nXGO-_1mnjjZWkxKXRdyTXDQ", "expire_date": "2024-02-06T10:22:38.703Z"}}, {"model": "sessions.session", "pk": "ete22n88ty0g5gtb6agbxrqh1qfa14mg", "fields": {"session_data": ".eJxlUEtuhDAMvYvXCCWBEGDV6TWqCpnYiKhARiSorUZz9xLKhtYLy_LnffwAtNZvS-xwiyMv0VmMzi_dzHH0FKB9e8BvDS3cMYRPvxJkgBFaaURdNVpJkWuxR1lkwDO6aV9Fmt3ycuTc-hme7xkcHN0WeO1cgivg0uvRfvCSBjhNqZ2f2vJj5xyH_HZR-npeXaBGDGMioBp5IKml7FXNRjay0BrL0jZUkyhJy2GwhgdNhnopSBVNqSpkGqRQoko-_7-HqfvrXplGml1B4BDS9_jr7tZvaMXzB8yydP4:1rdVgA:23HYCImjeYgGabIYzrVmkaBtXcXHDnwikPRN0c9juNs", "expire_date": "2024-03-08T13:33:30.530Z"}}, {"model": "sessions.session", "pk": "fzz0hwl9xsg4smxgym94s1uwofgq3bii", "fields": {"session_data": ".eJxVjMsOwiAQAP-FsyEshUI9eu83kIVdpGog6eNk_HdD0oNeZybzFgGPvYRj4zUsJK5iEJdfFjE9uXZBD6z3JlOr-7pE2RN52k3Ojfh1O9u_QcGt9C155ExgAaL27GCCwVo0Jk3kSRmykHNynC05iqBID5PRIzJlUFqN4vMF64g3-A:1rR6pD:3v45jPVi7R-MUBwHESeiCIFpVeTe3QBm6oZVfF5qPmk", "expire_date": "2024-02-03T08:35:35.827Z"}}, {"model": "sessions.session", "pk": "jo828kjamwrif17lhnh4s8fl5hbyhwuf", "fields": {"session_data": ".eJxVjMsOwiAQAP-FsyEshUI9eu83kIVdpGog6eNk_HdD0oNeZybzFgGPvYRj4zUsJK5iEJdfFjE9uXZBD6z3JlOr-7pE2RN52k3Ojfh1O9u_QcGt9C155ExgAaL27GCCwVo0Jk3kSRmykHNynC05iqBID5PRIzJlUFqN4vMF64g3-A:1rI8uW:q712KD1w_Zm27xxNTfjNB8X_v-RFeBoltxN0r1BY_p8", "expire_date": "2024-01-09T15:00:00.937Z"}}, {"model": "sessions.session", "pk": "kbixo24ew644s0yrfu74itvctm1tb3i4", "fields": {"session_data": ".eJxVjMsOwiAQAP-FsyEshUI9eu83kIVdpGog6eNk_HdD0oNeZybzFgGPvYRj4zUsJK5iEJdfFjE9uXZBD6z3JlOr-7pE2RN52k3Ojfh1O9u_QcGt9C155ExgAaL27GCCwVo0Jk3kSRmykHNynC05iqBID5PRIzJlUFqN4vMF64g3-A:1rmp9p:SBnummIilf4nY7YjeO-frfNLyDDJ5VMmMvQCVj7wavY", "expire_date": "2024-04-03T06:10:37.478Z"}}, {"model": "sessions.session", "pk": "ppxyacokr5rr1n4nqmdfeeq0esjbdhiu", "fields": {"session_data": ".eJxVjMsOwiAQAP-FsyEshUI9eu83kIVdpGog6eNk_HdD0oNeZybzFgGPvYRj4zUsJK5iEJdfFjE9uXZBD6z3JlOr-7pE2RN52k3Ojfh1O9u_QcGt9C155ExgAaL27GCCwVo0Jk3kSRmykHNynC05iqBID5PRIzJlUFqN4vMF64g3-A:1rLOZV:UbH-yyaJo-TX2ekG7UY8h6-NY0AeBNXXU-YcIyzmj_Q", "expire_date": "2024-01-18T14:19:45.577Z"}}, {"model": "sessions.session", "pk": "uoy6jr8gd4lqxpmwd8xlzy6nw7xuyp0g", "fields": {"session_data": ".eJxVjMsOwiAQAP-FsyEshUI9eu83kIVdpGog6eNk_HdD0oNeZybzFgGPvYRj4zUsJK5iEJdfFjE9uXZBD6z3JlOr-7pE2RN52k3Ojfh1O9u_QcGt9C155ExgAaL27GCCwVo0Jk3kSRmykHNynC05iqBID5PRIzJlUFqN4vMF64g3-A:1rZn4o:bkQXlg5mfwOsFDRjNKJ5jP7uRyHsQaTyeTz0xW3i5ms", "expire_date": "2024-02-27T07:19:34.669Z"}}, {"model": "sessions.session", "pk": "x5hs7ipv4hyujg0r3kjloh2qc31b67pb", "fields": {"session_data": ".eJxVjMsOwiAQAP-FsyEshUI9eu83kIVdpGog6eNk_HdD0oNeZybzFgGPvYRj4zUsJK5iEJdfFjE9uXZBD6z3JlOr-7pE2RN52k3Ojfh1O9u_QcGt9C155ExgAaL27GCCwVo0Jk3kSRmykHNynC05iqBID5PRIzJlUFqN4vMF64g3-A:1rPQ1N:9cqdED84_2S2dh61zNjejT59cP9E_FbzKpjqrFMeVmY", "expire_date": "2024-01-29T16:41:09.678Z"}}, {"model": "sites.site", "pk": 1, "fields": {"domain": "127.0.0.1", "name": "example.com"}}, {"model": "news.author", "pk": 1, "fields": {"user": 1, "rating": 2}}, {"model": "news.author", "pk": 2, "fields": {"user": 2, "rating": 5}}, {"model": "news.author", "pk": 3, "fields": {"user": 9, "rating": 0}}, {"model": "news.category", "pk": 1, "fields": {"name": "Юмор"}}, {"model": "news.category", "pk": 2, "fields": {"name": "Наука"}}, {"model": "news.category", "pk": 3, "fields": {"name": "Общество"}}, {"model": "news.category", "pk": 4, "fields": {"name": "Экономика"}}, {"model": "news.category", "pk": 5, "fields": {"name": "IT"}}, {"model": "news.category", "pk": 6, "fields": {"name": "Животные"}}, {"model": "news.category", "pk": 7, "fields": {"name": "test"}}, {"model": "news.category", "pk": 8, "fields": {"name": "Тест"}}, {"model": "news.category", "pk": 9, "fields": {"name": "test_2"}}, {"model": "news.post", "pk": 1, "fields": {"author": 1, "category_post": "NE", "time_in": "2023-12-22T03:32:42.247Z", "title": "Пес — рецидивист", "text": "В индийском штате Бихар за многочисленные нападения на прохожих перед судом предстала собака. Хозяйка оправдывает своего питомца и говорит, что пес кусал только грабителей. У пса по кличке Чхоту и прежде были проблемы с законом.", "rating": -1}}, {"model": "news.post", "pk": 2, "fields": {"author": 1, "category_post": "AR", "time_in": "2023-12-22T03:33:33.750Z", "title": "Облизывание камней может помочь геологам", "text": "Это не шутка, а серьезная научная техника, которую объяснили ученые из Польши. Они утверждают, что облизывание камней позволяет лучше видеть детали фоссилий и минералов, которые на сухой поверхности не видны. Кроме того, облизывание камней может дать информацию о их химическом составе, твердости и пористости. Это может быть полезно для определения возраста камней, их происхождения и свойств.", "rating": 1}}, {"model": "news.post", "pk": 3, "fields": {"author": 2, "category_post": "AR", "time_in": "2023-12-22T03:33:53.775Z", "title": "Антиглобализм", "text": "Антиглобализм – движение против глобализации. В основе движения – отрицание универсального характера, то есть подходящего для всех стран,  принципов общественного,  в том числе экономического  устройства. Ключ, подходящий ко всем замкам, на самом деле не подходит ни к одному.", "rating": 1}}, {"model": "news.post", "pk": 4, "fields": {"author": 1, "category_post": "article", "time_in": "2024-01-04T14:26:07.066Z", "title": "Все средства хороши", "text": "Двое отдыхающих на пляже Макумба в Рио-де-Жанейро по неизвестной причине ввязались в драку, и один из них решил отбиться с помощью каймана в руке.\r\nСообщается, что после драки каймана поймали спасатели и отпустили его на волю в городском парке.", "rating": 0}}, {"model": "news.post", "pk": 5, "fields": {"author": 2, "category_post": "article", "time_in": "2024-01-04T14:29:54.430Z", "title": "Доступная среда", "text": "Лавки с низким клиренсом - фича для гоп-культуры или доступная среда для низкорослых граждан?\r\nПерлы дорожного ремонта по-владимирски: на улице Вокзальной в столице Владимирской области остановка общественного транспорта вросла в тротуар на половину своей штатной высоты. Лавочки на остановке «Молодёжный сквер» после укладки плитки оказались на уровне щиколотки.", "rating": 3}}, {"model": "news.post", "pk": 6, "fields": {"author": 1, "category_post": "NE", "time_in": "2024-01-04T14:34:36.507Z", "title": "Котожара", "text": "«Валяются, как тряпки, где попало»: читатели 63.RU показали, как их котики спасаются от адской жары. Жуткое пекло держится в Самарской области уже несколько недель. Волга прогрелась почти до 25 градусов. От жары устали не только горожане, но и их питомцы.", "rating": 1}}, {"model": "news.post", "pk": 7, "fields": {"author": 2, "category_post": "NE", "time_in": "2024-01-04T14:41:04.069Z", "title": "Летающий Санта запутался в линиях электропередач", "text": "В это воскресенье неопознанный «мистер Клаус» одетый в классический костюм Санты и защитный шлем летел над городом Рио Линда в Калифорнии на своих красных «санях» к детям, которым должен был раздать конфеты, но запутался в линиях электропередач. Сверхлегкий мотопараплан застрял на высоте 12 метров, и пилот провисел целый час в ожидании спасателей.", "rating": 0}}, {"model": "news.post", "pk": 8, "fields": {"author": 1, "category_post": "NE", "time_in": "2024-01-04T14:43:48.227Z", "title": "Жалоба от грабителя", "text": "В один из британских банков утром вломился грабитель, потребовал денег и оказалось, что наличных в кассе попросту нет! Он очень расстроился, взял книгу жалоб и написал жалобу на отсутствие денег После чего сел в машину и уехал. Естественно, за это время к банку подтянулась полиция, сотрудники которой не дали грабителю далеко уехать и задержали.", "rating": 0}}, {"model": "news.post", "pk": 9, "fields": {"author": 2, "category_post": "AR", "time_in": "2024-01-04T14:46:00.573Z", "title": "Самое нелепое ограбление", "text": "Тщательно спланированный план ограбления вынашивался месяцами. Целью ограбления стало отделение банка в городе Коламбия. Грабитель, ворвавшись в помещение, угрожая оружием уложил всех посетителей и персонал на пол. И только после того, как он предъявил все свои требования он понял, что банк давно уже съехал из этого помещения, и в данный момент там находиться клиника для животных.", "rating": 1}}, {"model": "news.post", "pk": 10, "fields": {"author": 1, "category_post": "NE", "time_in": "2024-01-04T14:56:55.498Z", "title": "Розыгрыш на 1 апреля от телекомпании ВВС", "text": "Розыгрыш на 1 апреля от телекомпании ВВС возмутил британскую общественность. В 1980 году ВВС сообщила о том, что легендарные лондонские механические часы Биг-Бен заменят на электронные. Такое решение властей журналисты объяснили желанием идти в ногу со временем. В редакцию сразу же стали поступать звонки с протестами, а некоторые даже выразили желание купить часть знаменитых часов.", "rating": 2}}, {"model": "news.post", "pk": 11, "fields": {"author": 2, "category_post": "NE", "time_in": "2024-01-04T15:00:34.961Z", "title": "Собака убежала из зоогостиницы и вернулась домой", "text": "Отдыхавшим в Лас-Вегасе жителям штата Канзас пришло сообщение от камеры видеонаблюдения, установленной снаружи особняка. Когда американцы включили прямую трансляцию с умного устройства, то с удивлением выяснили, что причиной стал их домашний любимец пёс Декстер, который самовольно покинул зоогостиницу.\r\nСобака отчаянно скреблась во входную дверь, жалобно скуля. Владельцу пришлось успокаивать Декстера по громкой связи, чтобы питомец оставался на месте, пока сотрудники отеля приедут и вернут хвостатого беглеца обратно. Источник: 100-hvostov.ru", "rating": 3}}, {"model": "news.post", "pk": 26, "fields": {"author": 3, "category_post": "news", "time_in": "2024-01-20T18:08:43.338Z", "title": "Абырвалг", "text": "Абырвалг - второе (нередко цитируется как первое) слово, сказанное героем повести Михаила Булгакова «Собачье сердце» Шариковым после его «оживления» в человеческом облике. Слово прозвучало также в одноимённом фильме, снятом режиссёром Владимиром Бортко (1988).", "rating": 0}}, {"model": "news.post", "pk": 28, "fields": {"author": 3, "category_post": "NE", "time_in": "2024-01-23T10:27:18.235Z", "title": "Папа римский - поклонник рок-группы?", "text": "Фото молодого папы римского в сутане с названием рок-группы Black Sabbath оказалось банальным фотошопом. На оригинальном снимке священник запечатлен в самом обычном черном облачении.", "rating": 0}}, {"model": "news.post", "pk": 29, "fields": {"author": 3, "category_post": "NE", "time_in": "2024-02-20T10:01:06.964Z", "title": "АПвол", "text": "Аловао лвакопдл ва полдо", "rating": 0}}, {"model": "news.post", "pk": 30, "fields": {"author": 1, "category_post": "NE", "time_in": "2024-02-20T10:02:15.259Z", "title": "12314", "text": "DLKFJdkfjkgfdgjlkdfgj", "rating": 0}}, {"model": "news.post", "pk": 31, "fields": {"author": 3, "category_post": "news", "time_in": "2024-02-20T10:03:27.785Z", "title": "jsdfhgkjhfg", "text": "ajgalfjdsgkfdjglk", "rating": 0}}, {"model": "news.post", "pk": 32, "fields": {"author": 3, "category_post": "news", "time_in": "2024-02-20T10:12:58.244Z", "title": "1234544656", "text": "123jhghj3245hg", "rating": 0}}, {"model": "news.post", "pk": 33, "fields": {"author": 1, "category_post": "AR", "time_in": "2024-02-20T10:14:33.827Z", "title": "1234", "text": "123134243545", "rating": 0}}, {"model": "news.postcategory", "pk": 1, "fields": {"connectCategory": 1, "connectPost": 1}}, {"model": "news.postcategory", "pk": 2, "fields": {"connectCategory": 3, "connectPost": 1}}, {"model": "news.postcategory", "pk": 3, "fields": {"connectCategory": 1, "connectPost": 2}}, {"model": "news.postcategory", "pk": 4, "fields": {"connectCategory": 2, "connectPost": 2}}, {"model": "news.postcategory", "pk": 5, "fields": {"connectCategory": 1, "connectPost": 3}}, {"model": "news.postcategory", "pk": 6, "fields": {"connectCategory": 4, "connectPost": 3}}, {"model": "news.postcategory", "pk": 7, "fields": {"connectCategory": 1, "connectPost": 8}}, {"model": "news.postcategory", "pk": 8, "fields": {"connectCategory": 3, "connectPost": 8}}, {"model": "news.postcategory", "pk": 9, "fields": {"connectCategory": 1, "connectPost": 4}}, {"model": "news.postcategory", "pk": 10, "fields": {"connectCategory": 3, "connectPost": 4}}, {"model": "news.postcategory", "pk": 11, "fields": {"connectCategory": 1, "connectPost": 5}}, {"model": "news.postcategory", "pk": 12, "fields": {"connectCategory": 3, "connectPost": 5}}, {"model": "news.postcategory", "pk": 13, "fields": {"connectCategory": 6, "connectPost": 11}}, {"model": "news.postcategory", "pk": 19, "fields": {"connectCategory": 1, "connectPost": 28}}, {"model": "news.postcategory", "pk": 20, "fields": {"connectCategory": 1, "connectPost": 26}}, {"model": "news.postcategory", "pk": 21, "fields": {"connectCategory": 6, "connectPost": 26}}, {"model": "news.postcategory", "pk": 22, "fields": {"connectCategory": 1, "connectPost": 31}}, {"model": "news.postcategory", "pk": 23, "fields": {"connectCategory": 1, "connectPost": 32}}, {"model": "news.postcategory", "pk": 24, "fields": {"connectCategory": 1, "connectPost": 33}}, {"model": "news.subscription", "pk": 1, "fields": {"user": 11, "category": 1}}, {"model": "news.subscription", "pk": 3, "fields": {"user": 12, "category": 1}}, {"model": "news.subscription", "pk": 4, "fields": {"user": 12, "category": 4}}, {"model": "news.subscription", "pk": 5, "fields": {"user": 12, "category": 3}}, {"model": "news.comment", "pk": 1, "fields": {"post": 1, "user": 1, "text": "свободу собакам", "time_in": "2023-12-22T03:43:26.768Z", "rating": 1}}, {"model": "news.comment", "pk": 2, "fields": {"post": 2, "user": 2, "text": "какая мерзость", "time_in": "2023-12-22T03:44:43.174Z", "rating": -1}}, {"model": "news.comment", "pk": 3, "fields": {"post": 3, "user": 2, "text": "ничего не понятно", "time_in": "2023-12-22T03:45:02.039Z", "rating": 1}}, {"model": "news.comment", "pk": 4, "fields": {"post": 3, "user": 1, "text": "интересно", "time_in": "2023-12-22T03:45:17.582Z", "rating": 1}}, {"model": "account.emailaddress", "pk": 2, "fields": {"user": 6, "email": "user2@test.com", "verified": false, "primary": true}}, {"model": "account.emailaddress", "pk": 5, "fields": {"user": 9, "email": "author@test.com", "verified": false, "primary": true}}, {"model": "account.emailaddress", "pk": 6, "fields": {"user": 10, "email": "user3@test.com", "verified": false, "primary": true}}, {"model": "account.emailaddress", "pk": 7, "fields": {"user": 11, "email": "user4@test.com", "verified": false, "primary": true}}, {"model": "account.emailaddress", "pk": 8, "fields": {"user": 12, "email": "altair1000@mail.ru", "verified": false, "primary": true}}, {"model": "socialaccount.socialapp", "pk": 1, "fields": {"provider": "yandex", "provider_id": "", "name": "Yandex", "client_id": "207665a9fd0040198265aba2de2fdcdd", "secret": "c94c081b6dbf4f509ddbeca89cf56983", "key": "", "settings": {}, "sites": [1]}}, {"model": "django_apscheduler.djangojob", "pk": "delete_old_job_executions", "fields": {"next_run_time": "2024-01-28T14:00:00Z", "job_state": "gAWVXAQAAAAAAAB9lCiMB3ZlcnNpb26USwGMAmlklIwZZGVsZXRlX29sZF9qb2JfZXhlY3V0aW9uc5SMBGZ1bmOUjEFuZXdzLm1hbmFnZW1lbnQuY29tbWFuZHMucnVuYXBzY2hlZHVsZXI6ZGVsZXRlX29sZF9qb2JfZXhlY3V0aW9uc5SMB3RyaWdnZXKUjBlhcHNjaGVkdWxlci50cmlnZ2Vycy5jcm9ulIwLQ3JvblRyaWdnZXKUk5QpgZR9lChoAUsCjAh0aW1lem9uZZSMCGJ1aWx0aW5zlIwHZ2V0YXR0cpSTlIwIem9uZWluZm+UjAhab25lSW5mb5STlIwJX3VucGlja2xllIaUUpSMEEFzaWEvVmxhZGl2b3N0b2uUSwGGlFKUjApzdGFydF9kYXRllE6MCGVuZF9kYXRllE6MBmZpZWxkc5RdlCiMIGFwc2NoZWR1bGVyLnRyaWdnZXJzLmNyb24uZmllbGRzlIwJQmFzZUZpZWxklJOUKYGUfZQojARuYW1llIwEeWVhcpSMCmlzX2RlZmF1bHSUiIwLZXhwcmVzc2lvbnOUXZSMJWFwc2NoZWR1bGVyLnRyaWdnZXJzLmNyb24uZXhwcmVzc2lvbnOUjA1BbGxFeHByZXNzaW9ulJOUKYGUfZSMBHN0ZXCUTnNiYXViaB2MCk1vbnRoRmllbGSUk5QpgZR9lChoIowFbW9udGiUaCSIaCVdlGgpKYGUfZRoLE5zYmF1YmgdjA9EYXlPZk1vbnRoRmllbGSUk5QpgZR9lChoIowDZGF5lGgkiGglXZRoKSmBlH2UaCxOc2JhdWJoHYwJV2Vla0ZpZWxklJOUKYGUfZQoaCKMBHdlZWuUaCSIaCVdlGgpKYGUfZRoLE5zYmF1YmgdjA5EYXlPZldlZWtGaWVsZJSTlCmBlH2UKGgijAtkYXlfb2Zfd2Vla5RoJIloJV2UaCeMFldlZWtkYXlSYW5nZUV4cHJlc3Npb26Uk5QpgZR9lChoLE6MBWZpcnN0lEsAjARsYXN0lEsAdWJhdWJoHymBlH2UKGgijARob3VylGgkiWglXZRoJ4wPUmFuZ2VFeHByZXNzaW9ulJOUKYGUfZQoaCxOaE9LAGhQSwB1YmF1YmgfKYGUfZQoaCKMBm1pbnV0ZZRoJIloJV2UaFYpgZR9lChoLE5oT0sAaFBLAHViYXViaB8pgZR9lChoIowGc2Vjb25klGgkiGglXZRoVimBlH2UKGgsTmhPSwBoUEsAdWJhdWJljAZqaXR0ZXKUTnVijAhleGVjdXRvcpSMB2RlZmF1bHSUjARhcmdzlCmMBmt3YXJnc5R9lGgiaAOMEm1pc2ZpcmVfZ3JhY2VfdGltZZRLAYwIY29hbGVzY2WUiIwNbWF4X2luc3RhbmNlc5RLAYwNbmV4dF9ydW5fdGltZZSMCGRhdGV0aW1llIwIZGF0ZXRpbWWUk5RDCgfoAR0AAAAAAACUaBiGlFKUdS4="}}, {"model": "django_apscheduler.djangojob", "pk": "my_job", "fields": {"next_run_time": "2024-01-26T08:00:00Z", "job_state": "gAWVNgQAAAAAAAB9lCiMB3ZlcnNpb26USwGMAmlklIwGbXlfam9ilIwEZnVuY5SMLm5ld3MubWFuYWdlbWVudC5jb21tYW5kcy5ydW5hcHNjaGVkdWxlcjpteV9qb2KUjAd0cmlnZ2VylIwZYXBzY2hlZHVsZXIudHJpZ2dlcnMuY3JvbpSMC0Nyb25UcmlnZ2VylJOUKYGUfZQoaAFLAowIdGltZXpvbmWUjAhidWlsdGluc5SMB2dldGF0dHKUk5SMCHpvbmVpbmZvlIwIWm9uZUluZm+Uk5SMCV91bnBpY2tsZZSGlFKUjBBBc2lhL1ZsYWRpdm9zdG9rlEsBhpRSlIwKc3RhcnRfZGF0ZZROjAhlbmRfZGF0ZZROjAZmaWVsZHOUXZQojCBhcHNjaGVkdWxlci50cmlnZ2Vycy5jcm9uLmZpZWxkc5SMCUJhc2VGaWVsZJSTlCmBlH2UKIwEbmFtZZSMBHllYXKUjAppc19kZWZhdWx0lIiMC2V4cHJlc3Npb25zlF2UjCVhcHNjaGVkdWxlci50cmlnZ2Vycy5jcm9uLmV4cHJlc3Npb25zlIwNQWxsRXhwcmVzc2lvbpSTlCmBlH2UjARzdGVwlE5zYmF1YmgdjApNb250aEZpZWxklJOUKYGUfZQoaCKMBW1vbnRolGgkiGglXZRoKSmBlH2UaCxOc2JhdWJoHYwPRGF5T2ZNb250aEZpZWxklJOUKYGUfZQoaCKMA2RheZRoJIhoJV2UaCkpgZR9lGgsTnNiYXViaB2MCVdlZWtGaWVsZJSTlCmBlH2UKGgijAR3ZWVrlGgkiGglXZRoKSmBlH2UaCxOc2JhdWJoHYwORGF5T2ZXZWVrRmllbGSUk5QpgZR9lChoIowLZGF5X29mX3dlZWuUaCSJaCVdlGgnjBZXZWVrZGF5UmFuZ2VFeHByZXNzaW9ulJOUKYGUfZQoaCxOjAVmaXJzdJRLBIwEbGFzdJRLBHViYXViaB8pgZR9lChoIowEaG91cpRoJIloJV2UaCeMD1JhbmdlRXhwcmVzc2lvbpSTlCmBlH2UKGgsTmhPSxJoUEsSdWJhdWJoHymBlH2UKGgijAZtaW51dGWUaCSJaCVdlGhWKYGUfZQoaCxOaE9LAGhQSwB1YmF1YmgfKYGUfZQoaCKMBnNlY29uZJRoJIhoJV2UaFYpgZR9lChoLE5oT0sAaFBLAHViYXViZYwGaml0dGVylE51YowIZXhlY3V0b3KUjAdkZWZhdWx0lIwEYXJnc5QpjAZrd2FyZ3OUfZRoImgDjBJtaXNmaXJlX2dyYWNlX3RpbWWUSwGMCGNvYWxlc2NllIiMDW1heF9pbnN0YW5jZXOUSwGMDW5leHRfcnVuX3RpbWWUjAhkYXRldGltZZSMCGRhdGV0aW1llJOUQwoH6AEaEgAAAAAAlGgYhpRSlHUu"}}, {"model": "django_apscheduler.djangojobexecution", "pk": 1, "fields": {"job": "my_job", "status": "Error!", "run_time": "2024-01-22T17:06:30Z", "duration": "0.06", "finished": "1705943190.06", "exception": "Field 'id' expected a number but got 'Юмор'.", "traceback": "  File \"C:\\Users\\denzo\\venv\\Lib\\site-packages\\apscheduler\\executors\\base.py\", line 125, in run_job\n    retval = job.func(*job.args, **job.kwargs)\n             ^^^^^^^^^^^^^^^^^^^^^^^^^^^^^^^^^\n  File \"C:\\Users\\denzo\\PycharmProjects\\project_NewsPortal\\NewsPaper D3\\news\\management\\commands\\runapscheduler.py\", line 25, in my_job\n    subscribers = set(User.objects.filter(subscriptions__category__in=categories).\n                      ^^^^^^^^^^^^^^^^^^^^^^^^^^^^^^^^^^^^^^^^^^^^^^^^^^^^^^^^^^^\n  File \"C:\\Users\\denzo\\venv\\Lib\\site-packages\\django\\db\\models\\manager.py\", line 87, in manager_method\n    return getattr(self.get_queryset(), name)(*args, **kwargs)\n           ^^^^^^^^^^^^^^^^^^^^^^^^^^^^^^^^^^^^^^^^^^^^^^^^^^^\n  File \"C:\\Users\\denzo\\venv\\Lib\\site-packages\\django\\db\\models\\query.py\", line 1476, in filter\n    return self._filter_or_exclude(False, args, kwargs)\n           ^^^^^^^^^^^^^^^^^^^^^^^^^^^^^^^^^^^^^^^^^^^^\n  File \"C:\\Users\\denzo\\venv\\Lib\\site-packages\\django\\db\\models\\query.py\", line 1494, in _filter_or_exclude\n    clone._filter_or_exclude_inplace(negate, args, kwargs)\n  File \"C:\\Users\\denzo\\venv\\Lib\\site-packages\\django\\db\\models\\query.py\", line 1501, in _filter_or_exclude_inplace\n    self._query.add_q(Q(*args, **kwargs))\n  File \"C:\\Users\\denzo\\venv\\Lib\\site-packages\\django\\db\\models\\sql\\query.py\", line 1600, in add_q\n    clause, _ = self._add_q(q_object, self.used_aliases)\n                ^^^^^^^^^^^^^^^^^^^^^^^^^^^^^^^^^^^^^^^^\n  File \"C:\\Users\\denzo\\venv\\Lib\\site-packages\\django\\db\\models\\sql\\query.py\", line 1632, in _add_q\n    child_clause, needed_inner = self.build_filter(\n                                 ^^^^^^^^^^^^^^^^^^\n  File \"C:\\Users\\denzo\\venv\\Lib\\site-packages\\django\\db\\models\\sql\\query.py\", line 1546, in build_filter\n    condition = self.build_lookup(lookups, col, value)\n                ^^^^^^^^^^^^^^^^^^^^^^^^^^^^^^^^^^^^^^\n  File \"C:\\Users\\denzo\\venv\\Lib\\site-packages\\django\\db\\models\\sql\\query.py\", line 1376, in build_lookup\n    lookup = lookup_class(lhs, rhs)\n             ^^^^^^^^^^^^^^^^^^^^^^\n  File \"C:\\Users\\denzo\\venv\\Lib\\site-packages\\django\\db\\models\\lookups.py\", line 30, in __init__\n    self.rhs = self.get_prep_lookup()\n               ^^^^^^^^^^^^^^^^^^^^^^\n  File \"C:\\Users\\denzo\\venv\\Lib\\site-packages\\django\\db\\models\\fields\\related_lookups.py\", line 82, in get_prep_lookup\n    self.rhs = [target_field.get_prep_value(v) for v in self.rhs]\n               ^^^^^^^^^^^^^^^^^^^^^^^^^^^^^^^^^^^^^^^^^^^^^^^^^^\n  File \"C:\\Users\\denzo\\venv\\Lib\\site-packages\\django\\db\\models\\fields\\related_lookups.py\", line 82, in <listcomp>\n    self.rhs = [target_field.get_prep_value(v) for v in self.rhs]\n                ^^^^^^^^^^^^^^^^^^^^^^^^^^^^^^\n  File \"C:\\Users\\denzo\\venv\\Lib\\site-packages\\django\\db\\models\\fields\\__init__.py\", line 2114, in get_prep_value\n    raise e.__class__(\n"}}, {"model": "django_apscheduler.djangojobexecution", "pk": 2, "fields": {"job": "my_job", "status": "Error!", "run_time": "2024-01-22T17:06:40Z", "duration": "0.01", "finished": "1705943200.01", "exception": "Field 'id' expected a number but got 'Юмор'.", "traceback": "  File \"C:\\Users\\denzo\\venv\\Lib\\site-packages\\apscheduler\\executors\\base.py\", line 125, in run_job\n    retval = job.func(*job.args, **job.kwargs)\n             ^^^^^^^^^^^^^^^^^^^^^^^^^^^^^^^^^\n  File \"C:\\Users\\denzo\\PycharmProjects\\project_NewsPortal\\NewsPaper D3\\news\\management\\commands\\runapscheduler.py\", line 25, in my_job\n    subscribers = set(User.objects.filter(subscriptions__category__in=categories).\n                      ^^^^^^^^^^^^^^^^^^^^^^^^^^^^^^^^^^^^^^^^^^^^^^^^^^^^^^^^^^^\n  File \"C:\\Users\\denzo\\venv\\Lib\\site-packages\\django\\db\\models\\manager.py\", line 87, in manager_method\n    return getattr(self.get_queryset(), name)(*args, **kwargs)\n           ^^^^^^^^^^^^^^^^^^^^^^^^^^^^^^^^^^^^^^^^^^^^^^^^^^^\n  File \"C:\\Users\\denzo\\venv\\Lib\\site-packages\\django\\db\\models\\query.py\", line 1476, in filter\n    return self._filter_or_exclude(False, args, kwargs)\n           ^^^^^^^^^^^^^^^^^^^^^^^^^^^^^^^^^^^^^^^^^^^^\n  File \"C:\\Users\\denzo\\venv\\Lib\\site-packages\\django\\db\\models\\query.py\", line 1494, in _filter_or_exclude\n    clone._filter_or_exclude_inplace(negate, args, kwargs)\n  File \"C:\\Users\\denzo\\venv\\Lib\\site-packages\\django\\db\\models\\query.py\", line 1501, in _filter_or_exclude_inplace\n    self._query.add_q(Q(*args, **kwargs))\n  File \"C:\\Users\\denzo\\venv\\Lib\\site-packages\\django\\db\\models\\sql\\query.py\", line 1600, in add_q\n    clause, _ = self._add_q(q_object, self.used_aliases)\n                ^^^^^^^^^^^^^^^^^^^^^^^^^^^^^^^^^^^^^^^^\n  File \"C:\\Users\\denzo\\venv\\Lib\\site-packages\\django\\db\\models\\sql\\query.py\", line 1632, in _add_q\n    child_clause, needed_inner = self.build_filter(\n                                 ^^^^^^^^^^^^^^^^^^\n  File \"C:\\Users\\denzo\\venv\\Lib\\site-packages\\django\\db\\models\\sql\\query.py\", line 1546, in build_filter\n    condition = self.build_lookup(lookups, col, value)\n                ^^^^^^^^^^^^^^^^^^^^^^^^^^^^^^^^^^^^^^\n  File \"C:\\Users\\denzo\\venv\\Lib\\site-packages\\django\\db\\models\\sql\\query.py\", line 1376, in build_lookup\n    lookup = lookup_class(lhs, rhs)\n             ^^^^^^^^^^^^^^^^^^^^^^\n  File \"C:\\Users\\denzo\\venv\\Lib\\site-packages\\django\\db\\models\\lookups.py\", line 30, in __init__\n    self.rhs = self.get_prep_lookup()\n               ^^^^^^^^^^^^^^^^^^^^^^\n  File \"C:\\Users\\denzo\\venv\\Lib\\site-packages\\django\\db\\models\\fields\\related_lookups.py\", line 82, in get_prep_lookup\n    self.rhs = [target_field.get_prep_value(v) for v in self.rhs]\n               ^^^^^^^^^^^^^^^^^^^^^^^^^^^^^^^^^^^^^^^^^^^^^^^^^^\n  File \"C:\\Users\\denzo\\venv\\Lib\\site-packages\\django\\db\\models\\fields\\related_lookups.py\", line 82, in <listcomp>\n    self.rhs = [target_field.get_prep_value(v) for v in self.rhs]\n                ^^^^^^^^^^^^^^^^^^^^^^^^^^^^^^\n  File \"C:\\Users\\denzo\\venv\\Lib\\site-packages\\django\\db\\models\\fields\\__init__.py\", line 2114, in get_prep_value\n    raise e.__class__(\n"}}, {"model": "django_apscheduler.djangojobexecution", "pk": 3, "fields": {"job": "my_job", "status": "Error!", "run_time": "2024-01-22T17:06:50Z", "duration": "0.01", "finished": "1705943210.01", "exception": "Field 'id' expected a number but got 'Юмор'.", "traceback": "  File \"C:\\Users\\denzo\\venv\\Lib\\site-packages\\apscheduler\\executors\\base.py\", line 125, in run_job\n    retval = job.func(*job.args, **job.kwargs)\n             ^^^^^^^^^^^^^^^^^^^^^^^^^^^^^^^^^\n  File \"C:\\Users\\denzo\\PycharmProjects\\project_NewsPortal\\NewsPaper D3\\news\\management\\commands\\runapscheduler.py\", line 25, in my_job\n    subscribers = set(User.objects.filter(subscriptions__category__in=categories).\n                      ^^^^^^^^^^^^^^^^^^^^^^^^^^^^^^^^^^^^^^^^^^^^^^^^^^^^^^^^^^^\n  File \"C:\\Users\\denzo\\venv\\Lib\\site-packages\\django\\db\\models\\manager.py\", line 87, in manager_method\n    return getattr(self.get_queryset(), name)(*args, **kwargs)\n           ^^^^^^^^^^^^^^^^^^^^^^^^^^^^^^^^^^^^^^^^^^^^^^^^^^^\n  File \"C:\\Users\\denzo\\venv\\Lib\\site-packages\\django\\db\\models\\query.py\", line 1476, in filter\n    return self._filter_or_exclude(False, args, kwargs)\n           ^^^^^^^^^^^^^^^^^^^^^^^^^^^^^^^^^^^^^^^^^^^^\n  File \"C:\\Users\\denzo\\venv\\Lib\\site-packages\\django\\db\\models\\query.py\", line 1494, in _filter_or_exclude\n    clone._filter_or_exclude_inplace(negate, args, kwargs)\n  File \"C:\\Users\\denzo\\venv\\Lib\\site-packages\\django\\db\\models\\query.py\", line 1501, in _filter_or_exclude_inplace\n    self._query.add_q(Q(*args, **kwargs))\n  File \"C:\\Users\\denzo\\venv\\Lib\\site-packages\\django\\db\\models\\sql\\query.py\", line 1600, in add_q\n    clause, _ = self._add_q(q_object, self.used_aliases)\n                ^^^^^^^^^^^^^^^^^^^^^^^^^^^^^^^^^^^^^^^^\n  File \"C:\\Users\\denzo\\venv\\Lib\\site-packages\\django\\db\\models\\sql\\query.py\", line 1632, in _add_q\n    child_clause, needed_inner = self.build_filter(\n                                 ^^^^^^^^^^^^^^^^^^\n  File \"C:\\Users\\denzo\\venv\\Lib\\site-packages\\django\\db\\models\\sql\\query.py\", line 1546, in build_filter\n    condition = self.build_lookup(lookups, col, value)\n                ^^^^^^^^^^^^^^^^^^^^^^^^^^^^^^^^^^^^^^\n  File \"C:\\Users\\denzo\\venv\\Lib\\site-packages\\django\\db\\models\\sql\\query.py\", line 1376, in build_lookup\n    lookup = lookup_class(lhs, rhs)\n             ^^^^^^^^^^^^^^^^^^^^^^\n  File \"C:\\Users\\denzo\\venv\\Lib\\site-packages\\django\\db\\models\\lookups.py\", line 30, in __init__\n    self.rhs = self.get_prep_lookup()\n               ^^^^^^^^^^^^^^^^^^^^^^\n  File \"C:\\Users\\denzo\\venv\\Lib\\site-packages\\django\\db\\models\\fields\\related_lookups.py\", line 82, in get_prep_lookup\n    self.rhs = [target_field.get_prep_value(v) for v in self.rhs]\n               ^^^^^^^^^^^^^^^^^^^^^^^^^^^^^^^^^^^^^^^^^^^^^^^^^^\n  File \"C:\\Users\\denzo\\venv\\Lib\\site-packages\\django\\db\\models\\fields\\related_lookups.py\", line 82, in <listcomp>\n    self.rhs = [target_field.get_prep_value(v) for v in self.rhs]\n                ^^^^^^^^^^^^^^^^^^^^^^^^^^^^^^\n  File \"C:\\Users\\denzo\\venv\\Lib\\site-packages\\django\\db\\models\\fields\\__init__.py\", line 2114, in get_prep_value\n    raise e.__class__(\n"}}, {"model": "django_apscheduler.djangojobexecution", "pk": 4, "fields": {"job": "my_job", "status": "Error!", "run_time": "2024-01-22T17:07:00Z", "duration": "0.03", "finished": "1705943220.03", "exception": "Field 'id' expected a number but got 'Юмор'.", "traceback": "  File \"C:\\Users\\denzo\\venv\\Lib\\site-packages\\apscheduler\\executors\\base.py\", line 125, in run_job\n    retval = job.func(*job.args, **job.kwargs)\n             ^^^^^^^^^^^^^^^^^^^^^^^^^^^^^^^^^\n  File \"C:\\Users\\denzo\\PycharmProjects\\project_NewsPortal\\NewsPaper D3\\news\\management\\commands\\runapscheduler.py\", line 25, in my_job\n    subscribers = set(User.objects.filter(subscriptions__category__in=categories).\n                      ^^^^^^^^^^^^^^^^^^^^^^^^^^^^^^^^^^^^^^^^^^^^^^^^^^^^^^^^^^^\n  File \"C:\\Users\\denzo\\venv\\Lib\\site-packages\\django\\db\\models\\manager.py\", line 87, in manager_method\n    return getattr(self.get_queryset(), name)(*args, **kwargs)\n           ^^^^^^^^^^^^^^^^^^^^^^^^^^^^^^^^^^^^^^^^^^^^^^^^^^^\n  File \"C:\\Users\\denzo\\venv\\Lib\\site-packages\\django\\db\\models\\query.py\", line 1476, in filter\n    return self._filter_or_exclude(False, args, kwargs)\n           ^^^^^^^^^^^^^^^^^^^^^^^^^^^^^^^^^^^^^^^^^^^^\n  File \"C:\\Users\\denzo\\venv\\Lib\\site-packages\\django\\db\\models\\query.py\", line 1494, in _filter_or_exclude\n    clone._filter_or_exclude_inplace(negate, args, kwargs)\n  File \"C:\\Users\\denzo\\venv\\Lib\\site-packages\\django\\db\\models\\query.py\", line 1501, in _filter_or_exclude_inplace\n    self._query.add_q(Q(*args, **kwargs))\n  File \"C:\\Users\\denzo\\venv\\Lib\\site-packages\\django\\db\\models\\sql\\query.py\", line 1600, in add_q\n    clause, _ = self._add_q(q_object, self.used_aliases)\n                ^^^^^^^^^^^^^^^^^^^^^^^^^^^^^^^^^^^^^^^^\n  File \"C:\\Users\\denzo\\venv\\Lib\\site-packages\\django\\db\\models\\sql\\query.py\", line 1632, in _add_q\n    child_clause, needed_inner = self.build_filter(\n                                 ^^^^^^^^^^^^^^^^^^\n  File \"C:\\Users\\denzo\\venv\\Lib\\site-packages\\django\\db\\models\\sql\\query.py\", line 1546, in build_filter\n    condition = self.build_lookup(lookups, col, value)\n                ^^^^^^^^^^^^^^^^^^^^^^^^^^^^^^^^^^^^^^\n  File \"C:\\Users\\denzo\\venv\\Lib\\site-packages\\django\\db\\models\\sql\\query.py\", line 1376, in build_lookup\n    lookup = lookup_class(lhs, rhs)\n             ^^^^^^^^^^^^^^^^^^^^^^\n  File \"C:\\Users\\denzo\\venv\\Lib\\site-packages\\django\\db\\models\\lookups.py\", line 30, in __init__\n    self.rhs = self.get_prep_lookup()\n               ^^^^^^^^^^^^^^^^^^^^^^\n  File \"C:\\Users\\denzo\\venv\\Lib\\site-packages\\django\\db\\models\\fields\\related_lookups.py\", line 82, in get_prep_lookup\n    self.rhs = [target_field.get_prep_value(v) for v in self.rhs]\n               ^^^^^^^^^^^^^^^^^^^^^^^^^^^^^^^^^^^^^^^^^^^^^^^^^^\n  File \"C:\\Users\\denzo\\venv\\Lib\\site-packages\\django\\db\\models\\fields\\related_lookups.py\", line 82, in <listcomp>\n    self.rhs = [target_field.get_prep_value(v) for v in self.rhs]\n                ^^^^^^^^^^^^^^^^^^^^^^^^^^^^^^\n  File \"C:\\Users\\denzo\\venv\\Lib\\site-packages\\django\\db\\models\\fields\\__init__.py\", line 2114, in get_prep_value\n    raise e.__class__(\n"}}, {"model": "django_apscheduler.djangojobexecution", "pk": 5, "fields": {"job": "my_job", "status": "Error!", "run_time": "2024-01-22T17:07:10Z", "duration": "0.01", "finished": "1705943230.01", "exception": "Field 'id' expected a number but got 'Юмор'.", "traceback": "  File \"C:\\Users\\denzo\\venv\\Lib\\site-packages\\apscheduler\\executors\\base.py\", line 125, in run_job\n    retval = job.func(*job.args, **job.kwargs)\n             ^^^^^^^^^^^^^^^^^^^^^^^^^^^^^^^^^\n  File \"C:\\Users\\denzo\\PycharmProjects\\project_NewsPortal\\NewsPaper D3\\news\\management\\commands\\runapscheduler.py\", line 25, in my_job\n    subscribers = set(User.objects.filter(subscriptions__category__in=categories).\n                      ^^^^^^^^^^^^^^^^^^^^^^^^^^^^^^^^^^^^^^^^^^^^^^^^^^^^^^^^^^^\n  File \"C:\\Users\\denzo\\venv\\Lib\\site-packages\\django\\db\\models\\manager.py\", line 87, in manager_method\n    return getattr(self.get_queryset(), name)(*args, **kwargs)\n           ^^^^^^^^^^^^^^^^^^^^^^^^^^^^^^^^^^^^^^^^^^^^^^^^^^^\n  File \"C:\\Users\\denzo\\venv\\Lib\\site-packages\\django\\db\\models\\query.py\", line 1476, in filter\n    return self._filter_or_exclude(False, args, kwargs)\n           ^^^^^^^^^^^^^^^^^^^^^^^^^^^^^^^^^^^^^^^^^^^^\n  File \"C:\\Users\\denzo\\venv\\Lib\\site-packages\\django\\db\\models\\query.py\", line 1494, in _filter_or_exclude\n    clone._filter_or_exclude_inplace(negate, args, kwargs)\n  File \"C:\\Users\\denzo\\venv\\Lib\\site-packages\\django\\db\\models\\query.py\", line 1501, in _filter_or_exclude_inplace\n    self._query.add_q(Q(*args, **kwargs))\n  File \"C:\\Users\\denzo\\venv\\Lib\\site-packages\\django\\db\\models\\sql\\query.py\", line 1600, in add_q\n    clause, _ = self._add_q(q_object, self.used_aliases)\n                ^^^^^^^^^^^^^^^^^^^^^^^^^^^^^^^^^^^^^^^^\n  File \"C:\\Users\\denzo\\venv\\Lib\\site-packages\\django\\db\\models\\sql\\query.py\", line 1632, in _add_q\n    child_clause, needed_inner = self.build_filter(\n                                 ^^^^^^^^^^^^^^^^^^\n  File \"C:\\Users\\denzo\\venv\\Lib\\site-packages\\django\\db\\models\\sql\\query.py\", line 1546, in build_filter\n    condition = self.build_lookup(lookups, col, value)\n                ^^^^^^^^^^^^^^^^^^^^^^^^^^^^^^^^^^^^^^\n  File \"C:\\Users\\denzo\\venv\\Lib\\site-packages\\django\\db\\models\\sql\\query.py\", line 1376, in build_lookup\n    lookup = lookup_class(lhs, rhs)\n             ^^^^^^^^^^^^^^^^^^^^^^\n  File \"C:\\Users\\denzo\\venv\\Lib\\site-packages\\django\\db\\models\\lookups.py\", line 30, in __init__\n    self.rhs = self.get_prep_lookup()\n               ^^^^^^^^^^^^^^^^^^^^^^\n  File \"C:\\Users\\denzo\\venv\\Lib\\site-packages\\django\\db\\models\\fields\\related_lookups.py\", line 82, in get_prep_lookup\n    self.rhs = [target_field.get_prep_value(v) for v in self.rhs]\n               ^^^^^^^^^^^^^^^^^^^^^^^^^^^^^^^^^^^^^^^^^^^^^^^^^^\n  File \"C:\\Users\\denzo\\venv\\Lib\\site-packages\\django\\db\\models\\fields\\related_lookups.py\", line 82, in <listcomp>\n    self.rhs = [target_field.get_prep_value(v) for v in self.rhs]\n                ^^^^^^^^^^^^^^^^^^^^^^^^^^^^^^\n  File \"C:\\Users\\denzo\\venv\\Lib\\site-packages\\django\\db\\models\\fields\\__init__.py\", line 2114, in get_prep_value\n    raise e.__class__(\n"}}, {"model": "django_apscheduler.djangojobexecution", "pk": 6, "fields": {"job": "my_job", "status": "Error!", "run_time": "2024-01-22T17:07:20Z", "duration": "0.02", "finished": "1705943240.02", "exception": "Field 'id' expected a number but got 'Юмор'.", "traceback": "  File \"C:\\Users\\denzo\\venv\\Lib\\site-packages\\apscheduler\\executors\\base.py\", line 125, in run_job\n    retval = job.func(*job.args, **job.kwargs)\n             ^^^^^^^^^^^^^^^^^^^^^^^^^^^^^^^^^\n  File \"C:\\Users\\denzo\\PycharmProjects\\project_NewsPortal\\NewsPaper D3\\news\\management\\commands\\runapscheduler.py\", line 25, in my_job\n    subscribers = set(User.objects.filter(subscriptions__category__in=categories).\n                      ^^^^^^^^^^^^^^^^^^^^^^^^^^^^^^^^^^^^^^^^^^^^^^^^^^^^^^^^^^^\n  File \"C:\\Users\\denzo\\venv\\Lib\\site-packages\\django\\db\\models\\manager.py\", line 87, in manager_method\n    return getattr(self.get_queryset(), name)(*args, **kwargs)\n           ^^^^^^^^^^^^^^^^^^^^^^^^^^^^^^^^^^^^^^^^^^^^^^^^^^^\n  File \"C:\\Users\\denzo\\venv\\Lib\\site-packages\\django\\db\\models\\query.py\", line 1476, in filter\n    return self._filter_or_exclude(False, args, kwargs)\n           ^^^^^^^^^^^^^^^^^^^^^^^^^^^^^^^^^^^^^^^^^^^^\n  File \"C:\\Users\\denzo\\venv\\Lib\\site-packages\\django\\db\\models\\query.py\", line 1494, in _filter_or_exclude\n    clone._filter_or_exclude_inplace(negate, args, kwargs)\n  File \"C:\\Users\\denzo\\venv\\Lib\\site-packages\\django\\db\\models\\query.py\", line 1501, in _filter_or_exclude_inplace\n    self._query.add_q(Q(*args, **kwargs))\n  File \"C:\\Users\\denzo\\venv\\Lib\\site-packages\\django\\db\\models\\sql\\query.py\", line 1600, in add_q\n    clause, _ = self._add_q(q_object, self.used_aliases)\n                ^^^^^^^^^^^^^^^^^^^^^^^^^^^^^^^^^^^^^^^^\n  File \"C:\\Users\\denzo\\venv\\Lib\\site-packages\\django\\db\\models\\sql\\query.py\", line 1632, in _add_q\n    child_clause, needed_inner = self.build_filter(\n                                 ^^^^^^^^^^^^^^^^^^\n  File \"C:\\Users\\denzo\\venv\\Lib\\site-packages\\django\\db\\models\\sql\\query.py\", line 1546, in build_filter\n    condition = self.build_lookup(lookups, col, value)\n                ^^^^^^^^^^^^^^^^^^^^^^^^^^^^^^^^^^^^^^\n  File \"C:\\Users\\denzo\\venv\\Lib\\site-packages\\django\\db\\models\\sql\\query.py\", line 1376, in build_lookup\n    lookup = lookup_class(lhs, rhs)\n             ^^^^^^^^^^^^^^^^^^^^^^\n  File \"C:\\Users\\denzo\\venv\\Lib\\site-packages\\django\\db\\models\\lookups.py\", line 30, in __init__\n    self.rhs = self.get_prep_lookup()\n               ^^^^^^^^^^^^^^^^^^^^^^\n  File \"C:\\Users\\denzo\\venv\\Lib\\site-packages\\django\\db\\models\\fields\\related_lookups.py\", line 82, in get_prep_lookup\n    self.rhs = [target_field.get_prep_value(v) for v in self.rhs]\n               ^^^^^^^^^^^^^^^^^^^^^^^^^^^^^^^^^^^^^^^^^^^^^^^^^^\n  File \"C:\\Users\\denzo\\venv\\Lib\\site-packages\\django\\db\\models\\fields\\related_lookups.py\", line 82, in <listcomp>\n    self.rhs = [target_field.get_prep_value(v) for v in self.rhs]\n                ^^^^^^^^^^^^^^^^^^^^^^^^^^^^^^\n  File \"C:\\Users\\denzo\\venv\\Lib\\site-packages\\django\\db\\models\\fields\\__init__.py\", line 2114, in get_prep_value\n    raise e.__class__(\n"}}, {"model": "django_apscheduler.djangojobexecution", "pk": 7, "fields": {"job": "my_job", "status": "Error!", "run_time": "2024-01-22T17:07:30Z", "duration": "0.01", "finished": "1705943250.01", "exception": "Field 'id' expected a number but got 'Юмор'.", "traceback": "  File \"C:\\Users\\denzo\\venv\\Lib\\site-packages\\apscheduler\\executors\\base.py\", line 125, in run_job\n    retval = job.func(*job.args, **job.kwargs)\n             ^^^^^^^^^^^^^^^^^^^^^^^^^^^^^^^^^\n  File \"C:\\Users\\denzo\\PycharmProjects\\project_NewsPortal\\NewsPaper D3\\news\\management\\commands\\runapscheduler.py\", line 25, in my_job\n    subscribers = set(User.objects.filter(subscriptions__category__in=categories).\n                      ^^^^^^^^^^^^^^^^^^^^^^^^^^^^^^^^^^^^^^^^^^^^^^^^^^^^^^^^^^^\n  File \"C:\\Users\\denzo\\venv\\Lib\\site-packages\\django\\db\\models\\manager.py\", line 87, in manager_method\n    return getattr(self.get_queryset(), name)(*args, **kwargs)\n           ^^^^^^^^^^^^^^^^^^^^^^^^^^^^^^^^^^^^^^^^^^^^^^^^^^^\n  File \"C:\\Users\\denzo\\venv\\Lib\\site-packages\\django\\db\\models\\query.py\", line 1476, in filter\n    return self._filter_or_exclude(False, args, kwargs)\n           ^^^^^^^^^^^^^^^^^^^^^^^^^^^^^^^^^^^^^^^^^^^^\n  File \"C:\\Users\\denzo\\venv\\Lib\\site-packages\\django\\db\\models\\query.py\", line 1494, in _filter_or_exclude\n    clone._filter_or_exclude_inplace(negate, args, kwargs)\n  File \"C:\\Users\\denzo\\venv\\Lib\\site-packages\\django\\db\\models\\query.py\", line 1501, in _filter_or_exclude_inplace\n    self._query.add_q(Q(*args, **kwargs))\n  File \"C:\\Users\\denzo\\venv\\Lib\\site-packages\\django\\db\\models\\sql\\query.py\", line 1600, in add_q\n    clause, _ = self._add_q(q_object, self.used_aliases)\n                ^^^^^^^^^^^^^^^^^^^^^^^^^^^^^^^^^^^^^^^^\n  File \"C:\\Users\\denzo\\venv\\Lib\\site-packages\\django\\db\\models\\sql\\query.py\", line 1632, in _add_q\n    child_clause, needed_inner = self.build_filter(\n                                 ^^^^^^^^^^^^^^^^^^\n  File \"C:\\Users\\denzo\\venv\\Lib\\site-packages\\django\\db\\models\\sql\\query.py\", line 1546, in build_filter\n    condition = self.build_lookup(lookups, col, value)\n                ^^^^^^^^^^^^^^^^^^^^^^^^^^^^^^^^^^^^^^\n  File \"C:\\Users\\denzo\\venv\\Lib\\site-packages\\django\\db\\models\\sql\\query.py\", line 1376, in build_lookup\n    lookup = lookup_class(lhs, rhs)\n             ^^^^^^^^^^^^^^^^^^^^^^\n  File \"C:\\Users\\denzo\\venv\\Lib\\site-packages\\django\\db\\models\\lookups.py\", line 30, in __init__\n    self.rhs = self.get_prep_lookup()\n               ^^^^^^^^^^^^^^^^^^^^^^\n  File \"C:\\Users\\denzo\\venv\\Lib\\site-packages\\django\\db\\models\\fields\\related_lookups.py\", line 82, in get_prep_lookup\n    self.rhs = [target_field.get_prep_value(v) for v in self.rhs]\n               ^^^^^^^^^^^^^^^^^^^^^^^^^^^^^^^^^^^^^^^^^^^^^^^^^^\n  File \"C:\\Users\\denzo\\venv\\Lib\\site-packages\\django\\db\\models\\fields\\related_lookups.py\", line 82, in <listcomp>\n    self.rhs = [target_field.get_prep_value(v) for v in self.rhs]\n                ^^^^^^^^^^^^^^^^^^^^^^^^^^^^^^\n  File \"C:\\Users\\denzo\\venv\\Lib\\site-packages\\django\\db\\models\\fields\\__init__.py\", line 2114, in get_prep_value\n    raise e.__class__(\n"}}, {"model": "django_apscheduler.djangojobexecution", "pk": 8, "fields": {"job": "my_job", "status": "Error!", "run_time": "2024-01-22T17:07:40Z", "duration": "0.02", "finished": "1705943260.02", "exception": "Field 'id' expected a number but got 'Юмор'.", "traceback": "  File \"C:\\Users\\denzo\\venv\\Lib\\site-packages\\apscheduler\\executors\\base.py\", line 125, in run_job\n    retval = job.func(*job.args, **job.kwargs)\n             ^^^^^^^^^^^^^^^^^^^^^^^^^^^^^^^^^\n  File \"C:\\Users\\denzo\\PycharmProjects\\project_NewsPortal\\NewsPaper D3\\news\\management\\commands\\runapscheduler.py\", line 25, in my_job\n    subscribers = set(User.objects.filter(subscriptions__category__in=categories).\n                      ^^^^^^^^^^^^^^^^^^^^^^^^^^^^^^^^^^^^^^^^^^^^^^^^^^^^^^^^^^^\n  File \"C:\\Users\\denzo\\venv\\Lib\\site-packages\\django\\db\\models\\manager.py\", line 87, in manager_method\n    return getattr(self.get_queryset(), name)(*args, **kwargs)\n           ^^^^^^^^^^^^^^^^^^^^^^^^^^^^^^^^^^^^^^^^^^^^^^^^^^^\n  File \"C:\\Users\\denzo\\venv\\Lib\\site-packages\\django\\db\\models\\query.py\", line 1476, in filter\n    return self._filter_or_exclude(False, args, kwargs)\n           ^^^^^^^^^^^^^^^^^^^^^^^^^^^^^^^^^^^^^^^^^^^^\n  File \"C:\\Users\\denzo\\venv\\Lib\\site-packages\\django\\db\\models\\query.py\", line 1494, in _filter_or_exclude\n    clone._filter_or_exclude_inplace(negate, args, kwargs)\n  File \"C:\\Users\\denzo\\venv\\Lib\\site-packages\\django\\db\\models\\query.py\", line 1501, in _filter_or_exclude_inplace\n    self._query.add_q(Q(*args, **kwargs))\n  File \"C:\\Users\\denzo\\venv\\Lib\\site-packages\\django\\db\\models\\sql\\query.py\", line 1600, in add_q\n    clause, _ = self._add_q(q_object, self.used_aliases)\n                ^^^^^^^^^^^^^^^^^^^^^^^^^^^^^^^^^^^^^^^^\n  File \"C:\\Users\\denzo\\venv\\Lib\\site-packages\\django\\db\\models\\sql\\query.py\", line 1632, in _add_q\n    child_clause, needed_inner = self.build_filter(\n                                 ^^^^^^^^^^^^^^^^^^\n  File \"C:\\Users\\denzo\\venv\\Lib\\site-packages\\django\\db\\models\\sql\\query.py\", line 1546, in build_filter\n    condition = self.build_lookup(lookups, col, value)\n                ^^^^^^^^^^^^^^^^^^^^^^^^^^^^^^^^^^^^^^\n  File \"C:\\Users\\denzo\\venv\\Lib\\site-packages\\django\\db\\models\\sql\\query.py\", line 1376, in build_lookup\n    lookup = lookup_class(lhs, rhs)\n             ^^^^^^^^^^^^^^^^^^^^^^\n  File \"C:\\Users\\denzo\\venv\\Lib\\site-packages\\django\\db\\models\\lookups.py\", line 30, in __init__\n    self.rhs = self.get_prep_lookup()\n               ^^^^^^^^^^^^^^^^^^^^^^\n  File \"C:\\Users\\denzo\\venv\\Lib\\site-packages\\django\\db\\models\\fields\\related_lookups.py\", line 82, in get_prep_lookup\n    self.rhs = [target_field.get_prep_value(v) for v in self.rhs]\n               ^^^^^^^^^^^^^^^^^^^^^^^^^^^^^^^^^^^^^^^^^^^^^^^^^^\n  File \"C:\\Users\\denzo\\venv\\Lib\\site-packages\\django\\db\\models\\fields\\related_lookups.py\", line 82, in <listcomp>\n    self.rhs = [target_field.get_prep_value(v) for v in self.rhs]\n                ^^^^^^^^^^^^^^^^^^^^^^^^^^^^^^\n  File \"C:\\Users\\denzo\\venv\\Lib\\site-packages\\django\\db\\models\\fields\\__init__.py\", line 2114, in get_prep_value\n    raise e.__class__(\n"}}, {"model": "django_apscheduler.djangojobexecution", "pk": 9, "fields": {"job": "my_job", "status": "Error!", "run_time": "2024-01-22T17:07:50Z", "duration": "0.03", "finished": "1705943270.03", "exception": "Field 'id' expected a number but got 'Юмор'.", "traceback": "  File \"C:\\Users\\denzo\\venv\\Lib\\site-packages\\apscheduler\\executors\\base.py\", line 125, in run_job\n    retval = job.func(*job.args, **job.kwargs)\n             ^^^^^^^^^^^^^^^^^^^^^^^^^^^^^^^^^\n  File \"C:\\Users\\denzo\\PycharmProjects\\project_NewsPortal\\NewsPaper D3\\news\\management\\commands\\runapscheduler.py\", line 25, in my_job\n    subscribers = set(User.objects.filter(subscriptions__category__in=categories).\n                      ^^^^^^^^^^^^^^^^^^^^^^^^^^^^^^^^^^^^^^^^^^^^^^^^^^^^^^^^^^^\n  File \"C:\\Users\\denzo\\venv\\Lib\\site-packages\\django\\db\\models\\manager.py\", line 87, in manager_method\n    return getattr(self.get_queryset(), name)(*args, **kwargs)\n           ^^^^^^^^^^^^^^^^^^^^^^^^^^^^^^^^^^^^^^^^^^^^^^^^^^^\n  File \"C:\\Users\\denzo\\venv\\Lib\\site-packages\\django\\db\\models\\query.py\", line 1476, in filter\n    return self._filter_or_exclude(False, args, kwargs)\n           ^^^^^^^^^^^^^^^^^^^^^^^^^^^^^^^^^^^^^^^^^^^^\n  File \"C:\\Users\\denzo\\venv\\Lib\\site-packages\\django\\db\\models\\query.py\", line 1494, in _filter_or_exclude\n    clone._filter_or_exclude_inplace(negate, args, kwargs)\n  File \"C:\\Users\\denzo\\venv\\Lib\\site-packages\\django\\db\\models\\query.py\", line 1501, in _filter_or_exclude_inplace\n    self._query.add_q(Q(*args, **kwargs))\n  File \"C:\\Users\\denzo\\venv\\Lib\\site-packages\\django\\db\\models\\sql\\query.py\", line 1600, in add_q\n    clause, _ = self._add_q(q_object, self.used_aliases)\n                ^^^^^^^^^^^^^^^^^^^^^^^^^^^^^^^^^^^^^^^^\n  File \"C:\\Users\\denzo\\venv\\Lib\\site-packages\\django\\db\\models\\sql\\query.py\", line 1632, in _add_q\n    child_clause, needed_inner = self.build_filter(\n                                 ^^^^^^^^^^^^^^^^^^\n  File \"C:\\Users\\denzo\\venv\\Lib\\site-packages\\django\\db\\models\\sql\\query.py\", line 1546, in build_filter\n    condition = self.build_lookup(lookups, col, value)\n                ^^^^^^^^^^^^^^^^^^^^^^^^^^^^^^^^^^^^^^\n  File \"C:\\Users\\denzo\\venv\\Lib\\site-packages\\django\\db\\models\\sql\\query.py\", line 1376, in build_lookup\n    lookup = lookup_class(lhs, rhs)\n             ^^^^^^^^^^^^^^^^^^^^^^\n  File \"C:\\Users\\denzo\\venv\\Lib\\site-packages\\django\\db\\models\\lookups.py\", line 30, in __init__\n    self.rhs = self.get_prep_lookup()\n               ^^^^^^^^^^^^^^^^^^^^^^\n  File \"C:\\Users\\denzo\\venv\\Lib\\site-packages\\django\\db\\models\\fields\\related_lookups.py\", line 82, in get_prep_lookup\n    self.rhs = [target_field.get_prep_value(v) for v in self.rhs]\n               ^^^^^^^^^^^^^^^^^^^^^^^^^^^^^^^^^^^^^^^^^^^^^^^^^^\n  File \"C:\\Users\\denzo\\venv\\Lib\\site-packages\\django\\db\\models\\fields\\related_lookups.py\", line 82, in <listcomp>\n    self.rhs = [target_field.get_prep_value(v) for v in self.rhs]\n                ^^^^^^^^^^^^^^^^^^^^^^^^^^^^^^\n  File \"C:\\Users\\denzo\\venv\\Lib\\site-packages\\django\\db\\models\\fields\\__init__.py\", line 2114, in get_prep_value\n    raise e.__class__(\n"}}, {"model": "django_apscheduler.djangojobexecution", "pk": 10, "fields": {"job": "my_job", "status": "Error!", "run_time": "2024-01-22T17:08:00Z", "duration": "0.02", "finished": "1705943280.02", "exception": "Field 'id' expected a number but got 'Юмор'.", "traceback": "  File \"C:\\Users\\denzo\\venv\\Lib\\site-packages\\apscheduler\\executors\\base.py\", line 125, in run_job\n    retval = job.func(*job.args, **job.kwargs)\n             ^^^^^^^^^^^^^^^^^^^^^^^^^^^^^^^^^\n  File \"C:\\Users\\denzo\\PycharmProjects\\project_NewsPortal\\NewsPaper D3\\news\\management\\commands\\runapscheduler.py\", line 25, in my_job\n    subscribers = set(User.objects.filter(subscriptions__category__in=categories).\n                      ^^^^^^^^^^^^^^^^^^^^^^^^^^^^^^^^^^^^^^^^^^^^^^^^^^^^^^^^^^^\n  File \"C:\\Users\\denzo\\venv\\Lib\\site-packages\\django\\db\\models\\manager.py\", line 87, in manager_method\n    return getattr(self.get_queryset(), name)(*args, **kwargs)\n           ^^^^^^^^^^^^^^^^^^^^^^^^^^^^^^^^^^^^^^^^^^^^^^^^^^^\n  File \"C:\\Users\\denzo\\venv\\Lib\\site-packages\\django\\db\\models\\query.py\", line 1476, in filter\n    return self._filter_or_exclude(False, args, kwargs)\n           ^^^^^^^^^^^^^^^^^^^^^^^^^^^^^^^^^^^^^^^^^^^^\n  File \"C:\\Users\\denzo\\venv\\Lib\\site-packages\\django\\db\\models\\query.py\", line 1494, in _filter_or_exclude\n    clone._filter_or_exclude_inplace(negate, args, kwargs)\n  File \"C:\\Users\\denzo\\venv\\Lib\\site-packages\\django\\db\\models\\query.py\", line 1501, in _filter_or_exclude_inplace\n    self._query.add_q(Q(*args, **kwargs))\n  File \"C:\\Users\\denzo\\venv\\Lib\\site-packages\\django\\db\\models\\sql\\query.py\", line 1600, in add_q\n    clause, _ = self._add_q(q_object, self.used_aliases)\n                ^^^^^^^^^^^^^^^^^^^^^^^^^^^^^^^^^^^^^^^^\n  File \"C:\\Users\\denzo\\venv\\Lib\\site-packages\\django\\db\\models\\sql\\query.py\", line 1632, in _add_q\n    child_clause, needed_inner = self.build_filter(\n                                 ^^^^^^^^^^^^^^^^^^\n  File \"C:\\Users\\denzo\\venv\\Lib\\site-packages\\django\\db\\models\\sql\\query.py\", line 1546, in build_filter\n    condition = self.build_lookup(lookups, col, value)\n                ^^^^^^^^^^^^^^^^^^^^^^^^^^^^^^^^^^^^^^\n  File \"C:\\Users\\denzo\\venv\\Lib\\site-packages\\django\\db\\models\\sql\\query.py\", line 1376, in build_lookup\n    lookup = lookup_class(lhs, rhs)\n             ^^^^^^^^^^^^^^^^^^^^^^\n  File \"C:\\Users\\denzo\\venv\\Lib\\site-packages\\django\\db\\models\\lookups.py\", line 30, in __init__\n    self.rhs = self.get_prep_lookup()\n               ^^^^^^^^^^^^^^^^^^^^^^\n  File \"C:\\Users\\denzo\\venv\\Lib\\site-packages\\django\\db\\models\\fields\\related_lookups.py\", line 82, in get_prep_lookup\n    self.rhs = [target_field.get_prep_value(v) for v in self.rhs]\n               ^^^^^^^^^^^^^^^^^^^^^^^^^^^^^^^^^^^^^^^^^^^^^^^^^^\n  File \"C:\\Users\\denzo\\venv\\Lib\\site-packages\\django\\db\\models\\fields\\related_lookups.py\", line 82, in <listcomp>\n    self.rhs = [target_field.get_prep_value(v) for v in self.rhs]\n                ^^^^^^^^^^^^^^^^^^^^^^^^^^^^^^\n  File \"C:\\Users\\denzo\\venv\\Lib\\site-packages\\django\\db\\models\\fields\\__init__.py\", line 2114, in get_prep_value\n    raise e.__class__(\n"}}, {"model": "django_apscheduler.djangojobexecution", "pk": 11, "fields": {"job": "my_job", "status": "Error!", "run_time": "2024-01-22T17:08:10Z", "duration": "0.03", "finished": "1705943290.03", "exception": "Field 'id' expected a number but got 'Юмор'.", "traceback": "  File \"C:\\Users\\denzo\\venv\\Lib\\site-packages\\apscheduler\\executors\\base.py\", line 125, in run_job\n    retval = job.func(*job.args, **job.kwargs)\n             ^^^^^^^^^^^^^^^^^^^^^^^^^^^^^^^^^\n  File \"C:\\Users\\denzo\\PycharmProjects\\project_NewsPortal\\NewsPaper D3\\news\\management\\commands\\runapscheduler.py\", line 25, in my_job\n    subscribers = set(User.objects.filter(subscriptions__category__in=categories).\n                      ^^^^^^^^^^^^^^^^^^^^^^^^^^^^^^^^^^^^^^^^^^^^^^^^^^^^^^^^^^^\n  File \"C:\\Users\\denzo\\venv\\Lib\\site-packages\\django\\db\\models\\manager.py\", line 87, in manager_method\n    return getattr(self.get_queryset(), name)(*args, **kwargs)\n           ^^^^^^^^^^^^^^^^^^^^^^^^^^^^^^^^^^^^^^^^^^^^^^^^^^^\n  File \"C:\\Users\\denzo\\venv\\Lib\\site-packages\\django\\db\\models\\query.py\", line 1476, in filter\n    return self._filter_or_exclude(False, args, kwargs)\n           ^^^^^^^^^^^^^^^^^^^^^^^^^^^^^^^^^^^^^^^^^^^^\n  File \"C:\\Users\\denzo\\venv\\Lib\\site-packages\\django\\db\\models\\query.py\", line 1494, in _filter_or_exclude\n    clone._filter_or_exclude_inplace(negate, args, kwargs)\n  File \"C:\\Users\\denzo\\venv\\Lib\\site-packages\\django\\db\\models\\query.py\", line 1501, in _filter_or_exclude_inplace\n    self._query.add_q(Q(*args, **kwargs))\n  File \"C:\\Users\\denzo\\venv\\Lib\\site-packages\\django\\db\\models\\sql\\query.py\", line 1600, in add_q\n    clause, _ = self._add_q(q_object, self.used_aliases)\n                ^^^^^^^^^^^^^^^^^^^^^^^^^^^^^^^^^^^^^^^^\n  File \"C:\\Users\\denzo\\venv\\Lib\\site-packages\\django\\db\\models\\sql\\query.py\", line 1632, in _add_q\n    child_clause, needed_inner = self.build_filter(\n                                 ^^^^^^^^^^^^^^^^^^\n  File \"C:\\Users\\denzo\\venv\\Lib\\site-packages\\django\\db\\models\\sql\\query.py\", line 1546, in build_filter\n    condition = self.build_lookup(lookups, col, value)\n                ^^^^^^^^^^^^^^^^^^^^^^^^^^^^^^^^^^^^^^\n  File \"C:\\Users\\denzo\\venv\\Lib\\site-packages\\django\\db\\models\\sql\\query.py\", line 1376, in build_lookup\n    lookup = lookup_class(lhs, rhs)\n             ^^^^^^^^^^^^^^^^^^^^^^\n  File \"C:\\Users\\denzo\\venv\\Lib\\site-packages\\django\\db\\models\\lookups.py\", line 30, in __init__\n    self.rhs = self.get_prep_lookup()\n               ^^^^^^^^^^^^^^^^^^^^^^\n  File \"C:\\Users\\denzo\\venv\\Lib\\site-packages\\django\\db\\models\\fields\\related_lookups.py\", line 82, in get_prep_lookup\n    self.rhs = [target_field.get_prep_value(v) for v in self.rhs]\n               ^^^^^^^^^^^^^^^^^^^^^^^^^^^^^^^^^^^^^^^^^^^^^^^^^^\n  File \"C:\\Users\\denzo\\venv\\Lib\\site-packages\\django\\db\\models\\fields\\related_lookups.py\", line 82, in <listcomp>\n    self.rhs = [target_field.get_prep_value(v) for v in self.rhs]\n                ^^^^^^^^^^^^^^^^^^^^^^^^^^^^^^\n  File \"C:\\Users\\denzo\\venv\\Lib\\site-packages\\django\\db\\models\\fields\\__init__.py\", line 2114, in get_prep_value\n    raise e.__class__(\n"}}, {"model": "django_apscheduler.djangojobexecution", "pk": 12, "fields": {"job": "my_job", "status": "Executed", "run_time": "2024-01-22T17:45:10Z", "duration": "0.06", "finished": "1705945510.06", "exception": null, "traceback": null}}, {"model": "django_apscheduler.djangojobexecution", "pk": 13, "fields": {"job": "my_job", "status": "Executed", "run_time": "2024-01-22T17:45:20Z", "duration": "0.01", "finished": "1705945520.01", "exception": null, "traceback": null}}, {"model": "django_apscheduler.djangojobexecution", "pk": 14, "fields": {"job": "my_job", "status": "Executed", "run_time": "2024-01-22T17:48:00Z", "duration": "0.05", "finished": "1705945680.05", "exception": null, "traceback": null}}, {"model": "django_apscheduler.djangojobexecution", "pk": 15, "fields": {"job": "my_job", "status": "Executed", "run_time": "2024-01-22T17:48:10Z", "duration": "0.06", "finished": "1705945690.06", "exception": null, "traceback": null}}, {"model": "django_apscheduler.djangojobexecution", "pk": 16, "fields": {"job": "my_job", "status": "Executed", "run_time": "2024-01-23T10:34:00Z", "duration": "0.91", "finished": "1706006040.91", "exception": null, "traceback": null}}, {"model": "django_apscheduler.djangojobexecution", "pk": 17, "fields": {"job": "my_job", "status": "Executed", "run_time": "2024-01-23T10:34:10Z", "duration": "0.06", "finished": "1706006050.06", "exception": null, "traceback": null}}, {"model": "django_apscheduler.djangojobexecution", "pk": 18, "fields": {"job": "my_job", "status": "Executed", "run_time": "2024-01-23T10:34:20Z", "duration": "0.02", "finished": "1706006060.02", "exception": null, "traceback": null}}]